seed,epoch,block,stimulus,color,prob_A,prob_B
1,1,1,freq_A,c0,0.9299154221923006,0.06668183138317049
1,1,1,rare_A,c1,0.967760062231934,0.016340276448892826
1,1,1,rare_B,c6,0.02425940032288729,0.9616881950899103
1,1,2,freq_A,c0,0.9326201181925549,0.0656639570087057
1,1,2,rare_A,c1,0.9773158228846456,0.014353161225032166
1,1,2,rare_B,c6,0.02077288323455136,0.9718279208905738
1,1,3,freq_A,c0,0.9335261257717704,0.06532626706265801
1,1,3,rare_A,c1,0.980615726129733,0.013738436858434285
1,1,3,rare_B,c6,0.019662854058463707,0.9753137689765607
1,1,4,freq_A,c0,0.9339801866967299,0.06515786809182014
1,1,4,rare_A,c1,0.9822896545649034,0.013440335883988913
1,1,4,rare_B,c6,0.019117841125834308,0.9770793460520063
1,1,5,freq_A,c0,0.9342527226311061,0.06505703048203806
1,1,5,rare_A,c1,0.9833022234834952,0.013264484509437196
1,1,5,rare_B,c6,0.018794069079634393,0.9781465295150389
1,1,6,freq_A,c0,0.9344347169079027,0.06498986501517764
1,1,6,rare_A,c1,0.9839805376041459,0.013148506298814023
1,1,6,rare_B,c6,0.018579565928337934,0.9788610651591605
1,1,7,freq_A,c0,0.9345645293395021,0.06494195140077781
1,1,7,rare_A,c1,0.9844669223599001,0.013066288688802214
1,1,7,rare_B,c6,0.01842701843416798,0.9793732060672308
1,1,8,freq_A,c0,0.9346618831542464,0.06490601828821935
1,1,8,rare_A,c1,0.9848327087005455,0.013004961146373199
1,1,8,rare_B,c6,0.018312965235974088,0.9797585223434653
1,1,9,freq_A,c0,0.9347377880910436,0.06487809115303138
1,1,9,rare_A,c1,0.9851177794413439,0.012957465144552793
1,1,9,rare_B,c6,0.018224474551871157,0.9800585089570807
1,1,10,freq_A,c0,0.9347984754698682,0.06485576694157218
1,1,10,rare_A,c1,0.9853461135718814,0.012919597386308651
1,1,10,rare_B,c6,0.018153820254135533,0.9802989278444137
1,2,1,freq_A,c0,0.9495029914750641,0.04677519248989805
1,2,1,rare_A,c1,0.959228490102421,0.023292203806234545
1,2,1,rare_B,c6,0.025932654511607506,0.9608002884339762
1,2,2,freq_A,c0,0.9526733591568226,0.04546062899200598
1,2,2,rare_A,c1,0.9704716216185336,0.020293073654894453
1,2,2,rare_B,c6,0.022589432334940932,0.9703528765661894
1,2,3,freq_A,c0,0.9537033688354435,0.04505142037064789
1,2,3,rare_A,c1,0.9743610668942433,0.019366342656955575
1,2,3,rare_B,c6,0.02151170425469167,0.9736791881457079
1,2,4,freq_A,c0,0.9542121015531261,0.04485350464171852
1,2,4,rare_A,c1,0.9763334940765352,0.018917631963723355
1,2,4,rare_B,c6,0.020979630014660994,0.9753728493265412
1,2,5,freq_A,c0,0.9545151265098354,0.04473712879581395
1,2,5,rare_A,c1,0.9775263129365501,0.018653246146108176
1,2,5,rare_B,c6,0.020662542075314937,0.976399603425352
1,2,6,freq_A,c0,0.9547161669918728,0.04466056724938575
1,2,6,rare_A,c1,0.9783250966675153,0.018479031745307215
1,2,6,rare_B,c6,0.020452030683334316,0.9770885289862928
1,2,7,freq_A,c0,0.9548594601862044,0.04460642045105516
1,2,7,rare_A,c1,0.9788977084242622,0.018355613484684393
1,2,7,rare_B,c6,0.02030210305376884,0.9775827651785532
1,2,8,freq_A,c0,0.9549663426165346,0.04456609072891375
1,2,8,rare_A,c1,0.9793283602010271,0.01826360321328711
1,2,8,rare_B,c6,0.020189885446761497,0.9779550304554344
1,2,9,freq_A,c0,0.9550494044687307,0.04453490585260596
1,2,9,rare_A,c1,0.9796638249355892,0.018192375052569532
1,2,9,rare_B,c6,0.02010274549205338,0.9782450481285734
1,2,10,freq_A,c0,0.9551157864880315,0.04451007757314366
1,2,10,rare_A,c1,0.9799325816892056,0.018135605960956692
1,2,10,rare_B,c6,0.02003312304836393,0.9784776730738081
1,3,1,freq_A,c0,0.9298246719681459,0.06678458492221037
1,3,1,rare_A,c1,0.9715277174996397,0.013981613305820265
1,3,1,rare_B,c6,0.023246464135820984,0.9627639056917203
1,3,2,freq_A,c0,0.932576480923518,0.06571286395353576
1,3,2,rare_A,c1,0.9801562402376495,0.012225579968328052
1,3,2,rare_B,c6,0.020297472160537094,0.9723318535304802
1,3,3,freq_A,c0,0.9334975499700405,0.0653582872709859
1,3,3,rare_A,c1,0.9831456722591229,0.01168511793673798
1,3,3,rare_B,c6,0.01935330021529359,0.975641683365029
1,3,4,freq_A,c0,0.9339589214063937,0.06518165843739367
1,3,4,rare_A,c1,0.9846643584795395,0.011423510613926578
1,3,4,rare_B,c6,0.01888851936720678,0.9773221374339914
1,3,5,freq_A,c0,0.9342358131464148,0.06507595333159019
1,3,5,rare_A,c1,0.9855838532128592,0.01126933325400556
1,3,5,rare_B,c6,0.018611996212003542,0.9783392348105403
1,3,6,freq_A,c0,0.9344205660118926,0.06500557271237313
1,3,6,rare_A,c1,0.9862001490890443,0.01116770858418428
1,3,6,rare_B,c6,0.018428614796598426,0.979020841265026
1,3,7,freq_A,c0,0.93455256840526,0.06495537735324332
1,3,7,rare_A,c1,0.9866421727907645,0.011095694291390784
1,3,7,rare_B,c6,0.018298109849106032,0.9795096156543325
1,3,8,freq_A,c0,0.9346513960315009,0.0649177410807322
1,3,8,rare_A,c1,0.986974910008975,0.011041992780578127
1,3,8,rare_B,c6,0.01820048542445031,0.9798775478935783
1,3,9,freq_A,c0,0.9347283864498863,0.06488849412754985
1,3,9,rare_A,c1,0.9872340776905567,0.011000411638267543
1,3,9,rare_B,c6,0.018124711147894004,0.980164054213436
1,3,10,freq_A,c0,0.9347900726500324,0.06486511713963815
1,3,10,rare_A,c1,0.9874418456719674,0.010967265132485396
1,3,10,rare_B,c6,0.018064191078407135,0.9803937568609833
1,4,1,freq_A,c0,0.9503786270650616,0.04600568130509422
1,4,1,rare_A,c1,0.9682669011916636,0.01608274900374638
1,4,1,rare_B,c6,0.024165377400837122,0.9605410191584103
1,4,2,freq_A,c0,0.9530325548620767,0.04514544997235376
1,4,2,rare_A,c1,0.9777477260810729,0.014041842993032063
1,4,2,rare_B,c6,0.02147641841294703,0.9705167440027314
1,4,3,freq_A,c0,0.9539221179232988,0.04485987121650442
1,4,3,rare_A,c1,0.9810168042611913,0.013417209897948059
1,4,3,rare_B,c6,0.020613954777648553,0.9739611587918686
1,4,4,freq_A,c0,0.9543679112028036,0.044717364820926093
1,4,4,rare_A,c1,0.9826741142688468,0.013115661071258299
1,4,4,rare_B,c6,0.020189037902163143,0.9757084425073881
1,4,5,freq_A,c0,0.954635600457466,0.04463198620584769
1,4,5,rare_A,c1,0.9836763009711437,0.012938223034164656
1,4,5,rare_B,c6,0.019936110703467295,0.9767654476488691
1,4,6,freq_A,c0,0.9548141299958541,0.044575101001152195
1,4,6,rare_A,c1,0.9843474289563172,0.012821388079283602
1,4,6,rare_B,c6,0.019768323495654144,0.9774735299092493
1,4,7,freq_A,c0,0.9549418763480152,0.04453450710270375
1,4,7,rare_A,c1,0.9848285274857237,0.012738656826287751
1,4,7,rare_B,c6,0.019648890868064425,0.9779812120396364
1,4,8,freq_A,c0,0.9550375877859962,0.04450406076203728
1,4,8,rare_A,c1,0.9851905408113848,0.01267699798599385
1,4,8,rare_B,c6,0.019559533351691704,0.9783632706565046
1,4,9,freq_A,c0,0.9551119436365189,0.044480393079246984
1,4,9,rare_A,c1,0.985472415724397,0.012629276172664416
1,4,9,rare_B,c6,0.019490167276266995,0.9786607730917352
1,4,10,freq_A,c0,0.9551716577089624,0.044461469946771075
1,4,10,rare_A,c1,0.9856983287690396,0.01259124781949393
1,4,10,rare_B,c6,0.019434760128941804,0.9788992393142161
32,1,1,freq_A,c0,0.9496515226336365,0.04660851071851062
32,1,1,rare_A,c1,0.9682566982728577,0.016063685288483225
32,1,1,rare_B,c6,0.023309355901474548,0.9627005465455066
32,1,2,freq_A,c0,0.9527159119897555,0.045408077121322964
32,1,2,rare_A,c1,0.9777393795932684,0.014035381832435512
32,1,2,rare_B,c6,0.02031502633790622,0.9723142314867089
32,1,3,freq_A,c0,0.9537220773722155,0.04502577606261116
32,1,3,rare_A,c1,0.9810104202360571,0.01341373580798278
32,1,3,rare_B,c6,0.019361411710093628,0.9756335507734212
32,1,4,freq_A,c0,0.9542220328170025,0.04483825994850679
32,1,4,rare_A,c1,0.9826690166560975,0.013113391687923096
32,1,4,rare_B,c6,0.018893173775311856,0.9773174739136289
32,1,5,freq_A,c0,0.9545209666813894,0.04472698147046632
32,1,5,rare_A,c1,0.9836720573972866,0.012936575238278491
32,1,5,rare_B,c6,0.018615011240259993,0.9783362150518772
32,1,6,freq_A,c0,0.9547198138271955,0.0446532987567838
32,1,6,rare_A,c1,0.9843438079201718,0.012820110349488451
32,1,6,rare_B,c6,0.018430725624136068,0.9790187276736114
32,1,7,freq_A,c0,0.9548618169679032,0.04460093914092808
32,1,7,rare_A,c1,0.9848253806461773,0.01273762102144843
32,1,7,rare_B,c6,0.018299669722260655,0.979508054028877
32,1,8,freq_A,c0,0.9549678891796138,0.044561796700807954
32,1,8,rare_A,c1,0.9851877297832304,0.012676131100281974
32,1,8,rare_B,c6,0.01820168495272333,0.9798763471860721
32,1,9,freq_A,c0,0.9550504168352728,0.04453144184513889
32,1,9,rare_A,c1,0.9854699046565512,0.0126285331250755
32,1,9,rare_B,c6,0.018125662171293314,0.9801631023587455
32,1,10,freq_A,c0,0.9551164333320629,0.044507217383261695
32,1,10,rare_A,c1,0.9856960367944693,0.012590599030996357
32,1,10,rare_B,c6,0.018064963523277792,0.9803929838081976
32,2,1,freq_A,c0,0.7858862998379532,0.21136032797872517
32,2,1,rare_A,c1,0.9731740259778882,0.012751144011759004
32,2,1,rare_B,c6,0.055882811456963645,0.9282908909329598
32,2,2,freq_A,c0,0.7895856190332938,0.20901933614880422
32,2,2,rare_A,c1,0.9812763981606222,0.011334731532644204
32,2,2,rare_B,c6,0.049943730336391184,0.9417347457614473
32,2,3,freq_A,c0,0.7908378355803825,0.20822772659768987
32,2,3,rare_A,c1,0.9841084056899027,0.010879453264978465
32,2,3,rare_B,c6,0.0479995060504402,0.9463556708411927
32,2,4,freq_A,c0,0.7914677617536776,0.20782980862644843
32,2,4,rare_A,c1,0.9855525038441121,0.010654704629509583
32,2,4,rare_B,c6,0.047034187923318066,0.9486946950697637
32,2,5,freq_A,c0,0.7918468292376454,0.2075905001054088
32,2,5,rare_A,c1,0.9864285898922305,0.010520743777958077
32,2,5,rare_B,c6,0.04645720542848436,0.9501077942653642
32,2,6,freq_A,c0,0.7921000511487158,0.20743060458615983
32,2,6,rare_A,c1,0.9870165924758075,0.010431791016806484
32,2,6,rare_B,c6,0.046073444839491946,0.9510535918727401
32,2,7,freq_A,c0,0.7922811071254212,0.20731627979536837
32,2,7,rare_A,c1,0.9874386325534051,0.010368428316692971
32,2,7,rare_B,c6,0.04579978383518832,0.9517313705078134
32,2,8,freq_A,c0,0.792416968833098,0.20723049744511673
32,2,8,rare_A,c1,0.9877566032998453,0.010320995398605284
32,2,8,rare_B,c6,0.04559478441623543,0.9522410380338462
32,2,9,freq_A,c0,0.792522759380998,0.20716368968839946
32,2,9,rare_A,c1,0.9880043551528774,0.01028415837556463
32,2,9,rare_B,c6,0.04543547882268436,0.9526379194435263
32,2,10,freq_A,c0,0.7926075463037264,0.20711025704328515
32,2,10,rare_A,c1,0.9882030889875899,0.010254723907912228
32,2,10,rare_B,c6,0.04530813369170871,0.9529558748065
32,3,1,freq_A,c0,0.9503783980299696,0.046006001371823396
32,3,1,rare_A,c1,0.9719431690916042,0.013655112581148992
32,3,1,rare_B,c6,0.02414004308761303,0.9605663906297769
32,3,2,freq_A,c0,0.9530324748251661,0.04514554299580095
32,3,2,rare_A,c1,0.9804912604025083,0.01194650590243797
32,3,2,rare_B,c6,0.021469390291188557,0.9705237729768408
32,3,3,freq_A,c0,0.9539220784090622,0.044859914760269126
32,3,3,rare_A,c1,0.983449916144167,0.011420588521606635
32,3,3,rare_B,c6,0.020610725786509514,0.9739643875988331
32,3,4,freq_A,c0,0.9543678877975451,0.044717389966077235
32,3,4,rare_A,c1,0.984952561687436,0.011165990971703604
32,3,4,rare_B,c6,0.020187191816901054,0.9757102884155263
32,3,5,freq_A,c0,0.9546355850105545,0.04463200255620064
32,3,5,rare_A,c1,0.9858622225615595,0.011015931303458484
32,3,5,rare_B,c6,0.019934917759934723,0.9767666404704294
32,3,6,freq_A,c0,0.9548141190480848,0.0445751124768944
32,3,6,rare_A,c1,0.9864718890976508,0.010917014099216117
32,3,6,rare_B,c6,0.019767489761165755,0.9774743635613689
32,3,7,freq_A,c0,0.9549418681871472,0.04453451559832268
32,3,7,rare_A,c1,0.9869090763375615,0.010846914793625135
32,3,7,rare_B,c6,0.019648275545829683,0.9779818273043096
32,3,8,freq_A,c0,0.9550375814695795,0.04450406730384271
32,3,8,rare_A,c1,0.9872382546988074,0.010794639159850928
32,3,8,rare_B,c6,0.019559060647956966,0.9783637433189206
32,3,9,freq_A,c0,0.9551119386034724,0.04448039827119094
32,3,9,rare_A,c1,0.9874945645516634,0.010754160753666938
32,3,9,rare_B,c6,0.019489792800265613,0.978661147537095
32,3,10,freq_A,c0,0.9551716536046583,0.04446147416730308
32,3,10,rare_A,c1,0.9877000898431185,0.01072189243249575
32,3,10,rare_B,c6,0.019434456167417957,0.9788995432525391
32,4,1,freq_A,c0,0.9297360490078483,0.06688193830035125
32,4,1,rare_A,c1,0.9600293248709914,0.022719888621597406
32,4,1,rare_B,c6,0.02511751625171523,0.959576610490436
32,4,2,freq_A,c0,0.9325328630480973,0.06576021591869452
32,4,2,rare_A,c1,0.9711075840113642,0.019784117497544405
32,4,2,rare_B,c6,0.02237413484675767,0.9695924087346047
32,4,3,freq_A,c0,0.9334687306593039,0.06538947463652695
32,4,3,rare_A,c1,0.9749319269600981,0.018882598878715188
32,4,3,rare_B,c6,0.021483789524341358,0.9730688737120886
32,4,4,freq_A,c0,0.9339373533921841,0.06520489150965372
32,4,4,rare_A,c1,0.9768704280444709,0.01844692703156657
32,4,4,rare_B,c6,0.021042918542331927,0.9748360498454632
32,4,5,freq_A,c0,0.9342186485769599,0.06509446012988808
32,4,5,rare_A,c1,0.9780425027886162,0.018190436822851593
32,4,5,rare_B,c6,0.020779750290633055,0.9759061832863094
32,4,6,freq_A,c0,0.9344062696800756,0.06502094929609363
32,4,6,rare_A,c1,0.9788273467207415,0.018021498408634415
32,4,6,rare_B,c6,0.020604850935041025,0.9766234930156508
32,4,7,freq_A,c0,0.9345402711978845,0.06496852863384187
32,4,7,rare_A,c1,0.9793898836271858,0.017901848235638642
32,4,7,rare_B,c6,0.020480197276358428,0.9771380642661434
32,4,8,freq_A,c0,0.9346407562262173,0.06492922933218682
32,4,8,rare_A,c1,0.9798130152188339,0.017812661438876692
32,4,8,rare_B,c6,0.020386845797252525,0.9775253741438376
32,4,9,freq_A,c0,0.9347188706193684,0.0648986925212249
32,4,9,rare_A,c1,0.9801425816167506,0.01774362647484755
32,4,9,rare_B,c6,0.020314326910926474,0.977827082085467
32,4,10,freq_A,c0,0.934781585154165,0.06487428596085966
32,4,10,rare_A,c1,0.9804066600554164,0.017688609536228726
32,4,10,rare_B,c6,0.020256368187381864,0.9780689425851976
64,1,1,freq_A,c0,0.9298277309138799,0.0667815458957441
64,1,1,rare_A,c1,0.9677455312595011,0.01639586554913147
64,1,1,rare_B,c6,0.02738357830920767,0.9574333282048596
64,1,2,freq_A,c0,0.932577306380165,0.0657120409412822
64,1,2,rare_A,c1,0.9773188432144405,0.014371785244214074
64,1,2,rare_B,c6,0.02388095031119022,0.9681269294463933
64,1,3,freq_A,c0,0.9334979255528197,0.06535791240152933
64,1,3,rare_A,c1,0.9806200069630947,0.013748894234942287
64,1,3,rare_B,c6,0.022763409982132866,0.9718126666757467
64,1,4,freq_A,c0,0.9339591350627441,0.06518144507960859
64,1,4,rare_A,c1,0.9822936611177614,0.01344745415682001
64,1,4,rare_B,c6,0.02221412325379444,0.9736808250289388
64,1,5,freq_A,c0,0.9342359507892742,0.06507581584070972
64,1,5,rare_A,c1,0.9833058285909906,0.013269833523431045
64,1,5,rare_B,c6,0.021887606007345246,0.9748103870822392
64,1,6,freq_A,c0,0.9344206620101787,0.06500547680156635
64,1,6,rare_A,c1,0.9839837719118105,0.0131527725507911
64,1,6,rare_B,c6,0.021671191744003473,0.9755667987700495
64,1,7,freq_A,c0,0.9345526391493908,0.06495530666407336
64,1,7,rare_A,c1,0.9844698536908412,0.013069828677593811
64,1,7,rare_B,c6,0.02151723942870175,0.9761090515227768
64,1,8,freq_A,c0,0.9346514503174395,0.06491768683144739
64,1,8,rare_A,c1,0.9848353547148958,0.01300798212459312
64,1,8,rare_B,c6,0.02140210888103926,0.9765170050165282
64,1,9,freq_A,c0,0.9347284294173288,0.06488845118581328
64,1,9,rare_A,c1,0.985120142245315,0.012960097632170582
64,1,9,rare_B,c6,0.021312766842162833,0.9768346762483029
64,1,10,freq_A,c0,0.9347901075019477,0.06486508230641348
64,1,10,rare_A,c1,0.98534832945656,0.012921928629722806
64,1,10,rare_B,c6,0.02124142315511165,0.9770892500585818
64,2,1,freq_A,c0,0.9503786270650616,0.04600568130509422
64,2,1,rare_A,c1,0.9682669011916636,0.01608274900374638
64,2,1,rare_B,c6,0.031940310820735535,0.951649437801905
64,2,2,freq_A,c0,0.9530325548620767,0.04514544997235376
64,2,2,rare_A,c1,0.9777477260810729,0.014041842993032063
64,2,2,rare_B,c6,0.02836987195315237,0.9629962320078269
64,2,3,freq_A,c0,0.9539221179232988,0.04485987121650442
64,2,3,rare_A,c1,0.9810168042611913,0.013417209897948059
64,2,3,rare_B,c6,0.02722391178489047,0.966918140653586
64,2,4,freq_A,c0,0.9543679112028036,0.044717364820926093
64,2,4,rare_A,c1,0.9826741142688468,0.013115661071258299
64,2,4,rare_B,c6,0.026659380312616603,0.9689076115759548
64,2,5,freq_A,c0,0.954635600457466,0.04463198620584769
64,2,5,rare_A,c1,0.9836763009711437,0.012938223034164656
64,2,5,rare_B,c6,0.026323396857147678,0.9701111046927475
64,2,6,freq_A,c0,0.9548141299958541,0.044575101001152195
64,2,6,rare_A,c1,0.9843474289563172,0.012821388079283602
64,2,6,rare_B,c6,0.026100538872835297,0.9709173309527436
64,2,7,freq_A,c0,0.9549418763480152,0.04453450710270375
64,2,7,rare_A,c1,0.9848285274857237,0.012738656826287751
64,2,7,rare_B,c6,0.025941921903103092,0.9714953027468124
64,2,8,freq_A,c0,0.9550375877859962,0.04450406076203728
64,2,8,rare_A,c1,0.9851905408113848,0.01267699798599385
64,2,8,rare_B,c6,0.025823256830596105,0.9719301967403532
64,2,9,freq_A,c0,0.9551119436365189,0.044480393079246984
64,2,9,rare_A,c1,0.985472415724397,0.012629276172664416
64,2,9,rare_B,c6,0.025731146014505418,0.9722688565944837
64,2,10,freq_A,c0,0.9551716577089624,0.044461469946771075
64,2,10,rare_A,c1,0.9856983287690396,0.01259124781949393
64,2,10,rare_B,c6,0.025657575154081583,0.9725403026919427
64,3,1,freq_A,c0,0.9303964723742183,0.066190099579771
64,3,1,rare_A,c1,0.9444072132524728,0.030431787388389742
64,3,1,rare_B,c6,0.03197510360665946,0.9541447109046985
64,3,2,freq_A,c0,0.9328533427673692,0.06542851864886927
64,3,2,rare_A,c1,0.9699315443938433,0.01823044528908012
64,3,2,rare_B,c6,0.025244675459244935,0.9674151593691128
64,3,3,freq_A,c0,0.9336798456228005,0.06517173595718313
64,3,3,rare_A,c1,0.9765515782003356,0.01572447873960842
64,3,3,rare_B,c6,0.023092064400182008,0.9719181283022925
64,3,4,freq_A,c0,0.9340947928576073,0.0650428975162229
64,3,4,rare_A,c1,0.9795515170733647,0.01471846414361961
64,3,4,rare_B,c6,0.022034272080812375,0.9741860483992164
64,3,5,freq_A,c0,0.9343441011254945,0.06496550395061462
64,3,5,rare_A,c1,0.9812573682372849,0.014188705401144934
64,3,5,rare_B,c6,0.021405736734008945,0.9755523954048047
64,3,6,freq_A,c0,0.9345105376742471,0.06491384454851763
64,3,6,rare_A,c1,0.9823563714370211,0.013865163656088343
64,3,6,rare_B,c6,0.02098931178531685,0.9764653389855461
64,3,7,freq_A,c0,0.9346295320193951,0.0648769457569308
64,3,7,rare_A,c1,0.9831232438258213,0.013648237073575884
64,3,7,rare_B,c6,0.020693163391048444,0.977118778476091
64,3,8,freq_A,c0,0.9347186406782518,0.06484924027098377
64,3,8,rare_A,c1,0.9836886557848965,0.013493158212325372
64,3,8,rare_B,c6,0.02047175858936681,0.97760972669404
64,3,9,freq_A,c0,0.9347880794932079,0.06482769244653472
64,3,9,rare_A,c1,0.984122478497807,0.013377002853440484
64,3,9,rare_B,c6,0.020299981953036426,0.9779917888574474
64,3,10,freq_A,c0,0.9348437807784309,0.06481045906685994
64,3,10,rare_A,c1,0.9844660609680017,0.013286863468905868
64,3,10,rare_B,c6,0.02016283236296147,0.97829771411315
64,4,1,freq_A,c0,0.9601209388090275,0.03627978307984046
64,4,1,rare_A,c1,0.95854511699275,0.023780605710142476
64,4,1,rare_B,c6,0.028974830215149457,0.9541418942228173
64,4,2,freq_A,c0,0.962608302656718,0.035579260061241944
64,4,2,rare_A,c1,0.9699735314844659,0.02069358393583022
64,4,2,rare_B,c6,0.025673642392177377,0.9655079661669647
64,4,3,freq_A,c0,0.9634434996962434,0.0353451465812975
64,4,3,rare_A,c1,0.9739216276019965,0.019740813457094157
64,4,3,rare_B,c6,0.02462148142086364,0.9694100395336652
64,4,4,freq_A,c0,0.963862429895706,0.03522796518721712
64,4,4,rare_A,c1,0.9759232131500307,0.019279226498707242
64,4,4,rare_B,c6,0.024104526434274864,0.971384549777212
64,4,5,freq_A,c0,0.9641141212351954,0.03515763420652787
64,4,5,rare_A,c1,0.9771335849776316,0.01900707717624862
64,4,5,rare_B,c6,0.023797293741862974,0.9725772769730072
64,4,6,freq_A,c0,0.9642820678481391,0.03511072083092895
64,4,6,rare_A,c1,0.9779440911900026,0.01882764887383949
64,4,6,rare_B,c6,0.02359368711532964,0.9733754576795989
64,4,7,freq_A,c0,0.9644021315104553,0.03507721489007154
64,4,7,rare_A,c1,0.9785250056117458,0.018700480230022472
64,4,7,rare_B,c6,0.02344886042589533,0.9739474623032521
64,4,8,freq_A,c0,0.9644922270345292,0.03505206983596632
64,4,8,rare_A,c1,0.9789620471208124,0.018605639610412412
64,4,8,rare_B,c6,0.02334056052807759,0.9743776102084729
64,4,9,freq_A,c0,0.964562220335599,0.035032513699731656
64,4,9,rare_A,c1,0.9793024164859846,0.018532198365794096
64,4,9,rare_B,c6,0.023256523963692117,0.9747125308514617
64,4,10,freq_A,c0,0.9646183687820451,0.035016871752012596
64,4,10,rare_A,c1,0.9795751185626903,0.018473650757842675
64,4,10,rare_B,c6,0.023189420129741563,0.9749808412371237
128,1,1,freq_A,c0,0.9477369800055635,0.04871024450148012
128,1,1,rare_A,c1,0.9668676264926116,0.01708697336584918
128,1,1,rare_B,c6,0.02099165044723481,0.965942135097149
128,1,2,freq_A,c0,0.9507161299971695,0.04750152927026027
128,1,2,rare_A,c1,0.9766637286557108,0.014906974427409361
128,1,2,rare_B,c6,0.018291355839806057,0.9748079781161628
128,1,3,freq_A,c0,0.951693591624289,0.04711672564855926
128,1,3,rare_A,c1,0.9800474268040414,0.014236390133277073
128,1,3,rare_B,c6,0.017427705712080868,0.9778815444264034
128,1,4,freq_A,c0,0.9521791093185785,0.04692804113224947
128,1,4,rare_A,c1,0.9817636820021383,0.013911888311364485
128,1,4,rare_B,c6,0.01700283603836323,0.9794437564492378
128,1,5,freq_A,c0,0.9524693495636312,0.046816095384992824
128,1,5,rare_A,c1,0.9828017637572545,0.01372067830716033
128,1,5,rare_B,c6,0.016750160369265726,0.9803898659071482
128,1,6,freq_A,c0,0.9526623846908798,0.046741982546559945
128,1,6,rare_A,c1,0.983497010051745,0.013594659713537478
128,1,6,rare_B,c6,0.016582640100688766,0.9810241867758175
128,1,7,freq_A,c0,0.9528000938705619,0.04668932444582205
128,1,7,rare_A,c1,0.9839954739124476,0.013505367335763636
128,1,7,rare_B,c6,0.016463446545813727,0.9814791540008196
128,1,8,freq_A,c0,0.9529031774541392,0.04664996210635183
128,1,8,rare_A,c1,0.9843705437121393,0.013438786275913293
128,1,8,rare_B,c6,0.016374297134202995,0.9818217377527769
128,1,9,freq_A,c0,0.9529832728629405,0.046619439288122184
128,1,9,rare_A,c1,0.9846626610908833,0.013387235377454962
128,1,9,rare_B,c6,0.016305109131419637,0.982088519662131
128,1,10,freq_A,c0,0.9530473420213507,0.04659508257649416
128,1,10,rare_A,c1,0.9848967260535232,0.013346143317119698
128,1,10,rare_B,c6,0.01624985464245336,0.9823024655278729
128,2,1,freq_A,c0,0.9319800104839082,0.06456407184331608
128,2,1,rare_A,c1,0.9687621743565498,0.01565095128947137
128,2,1,rare_B,c6,0.03078124214903231,0.9569747239740983
128,2,2,freq_A,c0,0.9346095695920446,0.06365011344036395
128,2,2,rare_A,c1,0.9779680656227981,0.013849739471036354
128,2,2,rare_B,c6,0.026619965026961616,0.966882939320954
128,2,3,freq_A,c0,0.9354922073938683,0.06334457947322311
128,2,3,rare_A,c1,0.9811716888231493,0.013279962834768429
128,2,3,rare_B,c6,0.025279211023257673,0.9702967428849958
128,2,4,freq_A,c0,0.9359349114881651,0.06319164437245563
128,2,4,rare_A,c1,0.9828017893882208,0.013000638006216184
128,2,4,rare_B,c6,0.02461871987202874,0.9720269147517488
128,2,5,freq_A,c0,0.9362008101313671,0.0630998634585538
128,2,5,rare_A,c1,0.9837895922470329,0.012834794293397936
128,2,5,rare_B,c6,0.0242257921619535,0.9730729605780212
128,2,6,freq_A,c0,0.9363782299679244,0.06303863818300082
128,2,6,rare_A,c1,0.9844519537596627,0.012724945512500654
128,2,6,rare_B,c6,0.02396528634403029,0.9737735291747376
128,2,7,freq_A,c0,0.9365050855389235,0.06299491676893308
128,2,7,rare_A,c1,0.9849271956001474,0.012646834226600399
128,2,7,rare_B,c6,0.023779943016563762,0.9742756123936074
128,2,8,freq_A,c0,0.9366002056083987,0.06296210017617872
128,2,8,rare_A,c1,0.9852850081739453,0.012588435616158924
128,2,8,rare_B,c6,0.02364133407687891,0.9746533923817602
128,2,9,freq_A,c0,0.9366742577235259,0.06293657967771328
128,2,9,rare_A,c1,0.9855638399563619,0.012543127129443173
128,2,9,rare_B,c6,0.023533774426984202,0.9749475112503373
128,2,10,freq_A,c0,0.9367336259336582,0.06291616955133593
128,2,10,rare_A,c1,0.9857873363921298,0.012506951794830174
128,2,10,rare_B,c6,0.023447878845579136,0.9751832473918911
128,3,1,freq_A,c0,0.9504290586208869,0.04594972653876341
128,3,1,rare_A,c1,0.9720323734219722,0.013542076001715735
128,3,1,rare_B,c6,0.0194422124996895,0.9682152317375805
128,3,2,freq_A,c0,0.9530551565883334,0.0451203759654954
128,3,2,rare_A,c1,0.9805134378951343,0.011912409208727525
128,3,2,rare_B,c6,0.016956115579912615,0.9765075000874334
128,3,3,freq_A,c0,0.9539364773361905,0.04484392266984121
128,3,3,rare_A,c1,0.9834592259145896,0.011403264141408239
128,3,3,rare_B,c6,0.01615215448737911,0.9793996605529594
128,3,4,freq_A,c0,0.9543784420377902,0.04470571051455181
128,3,4,rare_A,c1,0.9849574084648491,0.01115507966784953
128,3,4,rare_B,c6,0.01575470943493139,0.9808735870045099
128,3,5,freq_A,c0,0.9546438622060028,0.04462281534891288
128,3,5,rare_A,c1,0.9858650571412176,0.011008214752520739
128,3,5,rare_B,c6,0.015517682006948395,0.9817675383196424
128,3,6,freq_A,c0,0.9548209526917218,0.04456754524180764
128,3,6,rare_A,c1,0.9864736620016612,0.010911150522094976
128,3,6,rare_B,c6,0.015360250820064642,0.9823674870626716
128,3,7,freq_A,c0,0.9549477187914626,0.04452808455833444
128,3,7,rare_A,c1,0.9869102965214414,0.01084223772755112
128,3,7,rare_B,c6,0.015248092699628025,0.982798079392954
128,3,8,freq_A,c0,0.9550425942637011,0.044498476739475885
128,3,8,rare_A,c1,0.987239035664834,0.010790776501327237
128,3,8,rare_B,c6,0.015164125958076233,0.9831224543995127
128,3,9,freq_A,c0,0.9551164176229384,0.044475454390504196
128,3,9,rare_A,c1,0.9874951349719481,0.010750886569289677
128,3,9,rare_B,c6,0.015098912502654674,0.9833751708844605
128,3,10,freq_A,c0,0.955175620039228,0.04445704316087567
128,3,10,rare_A,c1,0.9877004693525862,0.01071906059708688
128,3,10,rare_B,c6,0.015046801817243707,0.9835779048249489
128,4,1,freq_A,c0,0.9298238800726426,0.0667855589486332
128,4,1,rare_A,c1,0.9704700038572647,0.015598162963228147
128,4,1,rare_B,c6,0.02321329190520603,0.962797143136385
128,4,2,freq_A,c0,0.9325762335888945,0.06571313527087137
128,4,2,rare_A,c1,0.9788869634973705,0.013726720333427641
128,4,2,rare_B,c6,0.020288606637726612,0.9723407204081874
128,4,3,freq_A,c0,0.9334974321904659,0.06535841225839249
128,4,3,rare_A,c1,0.9818281913428794,0.013144637875838213
128,4,3,rare_B,c6,0.0193492845480672,0.9756456986546903
128,4,4,freq_A,c0,0.9339588528946919,0.065181730009306
128,4,4,rare_A,c1,0.9833277649479524,0.012861619268094265
128,4,4,rare_B,c6,0.018886240712863222,0.9773244157551136
128,4,5,freq_A,c0,0.9342357684208789,0.06507599962959383
128,4,5,rare_A,c1,0.9842375192099353,0.012694398596828863
128,4,5,rare_B,c6,0.018610530574074077,0.9783407002233543
128,4,6,freq_A,c0,0.934420534543138,0.06500560509310892
128,4,6,rare_A,c1,0.9848480896738069,0.012583994195232545
128,4,6,rare_B,c6,0.018427593712104853,0.9790218621974288
128,4,7,freq_A,c0,0.9345525450696527,0.06495540126409417
128,4,7,rare_A,c1,0.985286499437201,0.01250566748405121
128,4,7,rare_B,c6,0.018297357980550707,0.9795103674173326
128,4,8,freq_A,c0,0.9346513780408269,0.06491775945713811
128,4,8,rare_A,c1,0.985616482445126,0.01244720817369646
128,4,8,rare_B,c6,0.018199908824092198,0.979878124418365
128,4,9,freq_A,c0,0.9347283721585296,0.06488850869009664
128,4,9,rare_A,c1,0.9858738032850098,0.01240191289736198
128,4,9,rare_B,c6,0.018124254985856687,0.9801645103197582
128,4,10,freq_A,c0,0.9347900610243329,0.06486512896316705
128,4,10,rare_A,c1,0.9860801150737141,0.012365786528709956
128,4,10,rare_B,c6,0.018063821217433523,0.9803941266797354
356,1,1,freq_A,c0,0.9297409537511979,0.06687710381689894
356,1,1,rare_A,c1,0.9704166892927027,0.015684410095024734
356,1,1,rare_B,c6,0.027257272347401437,0.9579644248208468
356,1,2,freq_A,c0,0.9325342941648143,0.06575879465078807
356,1,2,rare_A,c1,0.978861553649471,0.013766287428690004
356,1,2,rare_B,c6,0.02436648766229576,0.9678261934001243
356,1,3,freq_A,c0,0.933469401147555,0.06538880718481375
356,1,3,rare_A,c1,0.9818119995521994,0.013170138437291968
356,1,3,rare_B,c6,0.023420667788962013,0.9712731821876841
356,1,4,freq_A,c0,0.9339377407140588,0.06520450549461786
356,1,4,rare_A,c1,0.9833159642884216,0.012880397839005684
356,1,4,rare_B,c6,0.02295073605324885,0.9730301930515233
356,1,5,freq_A,c0,0.9342189004741077,0.0650942089099721
356,1,5,rare_A,c1,0.9842282574909488,0.012709249719721068
356,1,5,rare_B,c6,0.02266968776525635,0.9740958937289611
356,1,6,freq_A,c0,0.934406446496955,0.06502077287447365
356,1,6,rare_A,c1,0.9848405413949093,0.012596272747922022
356,1,6,rare_B,c6,0.022482677334983006,0.9748110697925856
356,1,7,freq_A,c0,0.9345404021065765,0.06496839797549751
356,1,7,rare_A,c1,0.9852799244287801,0.012516131471820662
356,1,7,rare_B,c6,0.02234927844860424,0.9753243395773131
356,1,8,freq_A,c0,0.9346408570336533,0.06492912869318591
356,1,8,rare_A,c1,0.9856109299449107,0.012456324035259656
356,1,8,rare_B,c6,0.0222493147563569,0.9757109306934172
356,1,9,freq_A,c0,0.9347189506287076,0.06489861263056959
356,1,9,rare_A,c1,0.9858688221182883,0.012409987911968198
356,1,9,rare_B,c6,0.02217162169620327,0.976012132932866
356,1,10,freq_A,c0,0.9347816501955719,0.06487422100622775
356,1,10,rare_A,c1,0.9860757125209513,0.012373033767341706
356,1,10,rare_B,c6,0.022109503851761952,0.9762537258907915
356,2,1,freq_A,c0,0.9508251949040789,0.045514309294924685
356,2,1,rare_A,c1,0.9683549758652692,0.015980771171247875
356,2,1,rare_B,c6,0.02492050430953687,0.9610832040013466
356,2,2,freq_A,c0,0.9532624904538647,0.04490368086034119
356,2,2,rare_A,c1,0.9777673167563757,0.014013000964680764
356,2,2,rare_B,c6,0.02107993908365162,0.9715483581503414
356,2,3,freq_A,c0,0.9540766289897321,0.04469958610614098
356,2,3,rare_A,c1,0.9810243265929882,0.013403019633050834
356,2,3,rare_B,c6,0.019861471111550455,0.9751333158334262
356,2,4,freq_A,c0,0.9544845054623396,0.044597488041638
356,2,4,rare_A,c1,0.9826777022043462,0.013106923452649208
356,2,4,rare_B,c6,0.019264393134340002,0.9769463204562207
356,2,5,freq_A,c0,0.9547290135753017,0.04453624671532609
356,2,5,rare_A,c1,0.9836781629968269,0.01293215142781196
356,2,5,rare_B,c6,0.018910120275458967,0.978041282364526
356,2,6,freq_A,c0,0.9548922585168034,0.04449540809181134
356,2,6,rare_A,c1,0.9843484126609253,0.012816840084062083
356,2,6,rare_B,c6,0.01867560217320374,0.9787740367290156
356,2,7,freq_A,c0,0.9550088321128718,0.04446625396466681
356,2,7,rare_A,c1,0.9848290432584215,0.01273507240415019
356,2,7,rare_B,c6,0.01850891804490479,0.9792990053462827
356,2,8,freq_A,c0,0.9550961904972639,0.04444437541510952
356,2,8,rare_A,c1,0.9851907465276097,0.0126740678687556
356,2,8,rare_B,c6,0.018384351208928087,0.979693842475781
356,2,9,freq_A,c0,0.955164158001339,0.044427364416476677
356,2,9,rare_A,c1,0.9854724721377436,0.01262681436701425
356,2,9,rare_B,c6,0.01828773657649601,0.9800011985977328
356,2,10,freq_A,c0,0.9552185748461257,0.04441376212372346
356,2,10,rare_A,c1,0.9856982367896281,0.012589135053339126
356,2,10,rare_B,c6,0.018210617002670935,0.9802474823394363
356,3,1,freq_A,c0,0.9458279742908492,0.051374152345407376
356,3,1,rare_A,c1,0.9636545998303911,0.023260400975676634
356,3,1,rare_B,c6,0.02418693100117694,0.9605091129077173
356,3,2,freq_A,c0,0.9488659949335037,0.04972101019083218
356,3,2,rare_A,c1,0.9761933531029907,0.0169383698873032
356,3,2,rare_B,c6,0.02147908134630957,0.970508069998648
356,3,3,freq_A,c0,0.9498828516882002,0.04917168558622327
356,3,3,rare_A,c1,0.9804661265003144,0.014876272136725613
356,3,3,rare_B,c6,0.020613701686079174,0.9739572107790109
356,3,4,freq_A,c0,0.9503922546203681,0.04889744741306131
356,3,4,rare_A,c1,0.9826208221602593,0.013855318653264207
356,3,4,rare_B,c6,0.020188059106479736,0.9757061955775996
356,3,5,freq_A,c0,0.9506979615653796,0.04873308235112755
356,3,5,rare_A,c1,0.9839198726727003,0.013246226227400423
356,3,5,rare_B,c6,0.019934942205641727,0.9767640085705053
356,3,6,freq_A,c0,0.9509020812679507,0.048623561180431936
356,3,6,rare_A,c1,0.9847881311462666,0.012841668313715762
356,3,6,rare_B,c6,0.019767133371341488,0.9774725545119735
356,3,7,freq_A,c0,0.9510477623819478,0.04854538294656404
356,3,7,rare_A,c1,0.9854097165202357,0.012553460488598553
356,3,7,rare_B,c6,0.019647737381251598,0.9779804840252295
356,3,8,freq_A,c0,0.9511569529714687,0.048486753638110065
356,3,8,rare_A,c1,0.9858768640704456,0.012337723733218231
356,3,8,rare_B,c6,0.019558436100041217,0.9783627038321385
356,3,9,freq_A,c0,0.9512420100579546,0.0484411702475469
356,3,9,rare_A,c1,0.9862404445973445,0.012170183227794586
356,3,9,rare_B,c6,0.01948913091906965,0.9786603433907922
356,3,10,freq_A,c0,0.9513102035692064,0.04840471759201392
356,3,10,rare_A,c1,0.9865315722982317,0.012036313860227287
356,3,10,rare_B,c6,0.019433783350050953,0.9788988942599318
356,4,1,freq_A,c0,0.9503811025060993,0.046003221049111906
356,4,1,rare_A,c1,0.9682870130604456,0.016062508255769107
356,4,1,rare_B,c6,0.033782846357312435,0.9497192077399677
356,4,2,freq_A,c0,0.9530332191610059,0.04514478752075658
356,4,2,rare_A,c1,0.9777528219326033,0.014036727658799666
356,4,2,rare_B,c6,0.02999965410988804,0.9612936596991364
356,4,3,freq_A,c0,0.953922419591422,0.04485957008570213
356,4,3,rare_A,c1,0.981019068312504,0.013414939733377304
356,4,3,rare_B,c6,0.028780849334774847,0.9653060149029024
356,4,4,freq_A,c0,0.9543680826412203,0.04471719360702189
356,4,4,rare_A,c1,0.9826753862039785,0.013114386488280285
356,4,4,rare_B,c6,0.02817954516124464,0.9673436594157354
356,4,5,freq_A,c0,0.9546357108359279,0.04463187594154903
356,4,5,rare_A,c1,0.9836771140938799,0.012937408534537908
356,4,5,rare_B,c6,0.02782138713537906,0.9685769176723698
356,4,6,freq_A,c0,0.9548142069475826,0.04457502411507418
356,4,6,rare_A,c1,0.9843479931091145,0.012820823120773862
356,4,6,rare_B,c6,0.02758369913586843,0.9694033108393871
356,4,7,freq_A,c0,0.9549419330396844,0.044534450452263355
356,4,7,rare_A,c1,0.9848289416608271,0.012738242140327854
356,4,7,rare_B,c6,0.027414466959863302,0.9699959287549639
356,4,8,freq_A,c0,0.9550376312791928,0.04450401729632863
356,4,8,rare_A,c1,0.9851908577249906,0.012676680728025611
356,4,8,rare_B,c6,0.02728782751165818,0.9704418343281065
356,4,9,freq_A,c0,0.9551119780556099,0.04448035867942349
356,4,9,rare_A,c1,0.9854726660020768,0.012629025652199699
356,4,9,rare_B,c6,0.027189507143759062,0.9707891693319937
356,4,10,freq_A,c0,0.9551716856232934,0.04446144204644675
356,4,10,rare_A,c1,0.9856985314106069,0.012591045000246765
356,4,10,rare_B,c6,0.027110964155939013,0.9710675636823316
