seed,epoch,block,stimulus,pred_A,pred_B
1,1,1,special,0.9075383543968201,0.0924617275595665
1,1,1,special_perturbed,0.9058310985565186,0.09416898339986801
1,1,1,typical_A,0.9251760840415955,0.07482393831014633
1,1,1,typical_B,0.03549912944436073,0.9645008444786072
1,1,1,boundary,0.8967004418373108,0.1032995954155922
1,1,2,special,0.9090126752853394,0.090987429022789
1,1,2,special_perturbed,0.9075963497161865,0.09240365028381348
1,1,2,typical_A,0.9248179793357849,0.07518189400434494
1,1,2,typical_B,0.02881004475057125,0.9711899757385254
1,1,2,boundary,0.899965763092041,0.10003431886434555
1,1,3,special,0.9095914363861084,0.0904085710644722
1,1,3,special_perturbed,0.9084160923957825,0.09158382564783096
1,1,3,typical_A,0.9506498575210571,0.04935025796294212
1,1,3,typical_B,0.026977524161338806,0.9730225801467896
1,1,3,boundary,0.9020282030105591,0.09797165542840958
1,1,4,special,0.9098871946334839,0.09011273831129074
1,1,4,special_perturbed,0.9088426828384399,0.09115726500749588
1,1,4,typical_A,0.9538400769233704,0.046159930527210236
1,1,4,typical_B,0.016685213893651962,0.9833148121833801
1,1,4,boundary,0.903125524520874,0.09687450528144836
1,1,5,special,0.9100711345672607,0.08992885053157806
1,1,5,special_perturbed,0.9091221690177917,0.09087777137756348
1,1,5,typical_A,0.9552821516990662,0.04471789672970772
1,1,5,typical_B,0.016165239736437798,0.9838348031044006
1,1,5,boundary,0.9038944840431213,0.09610552340745926
1,1,6,special,0.910196840763092,0.08980317413806915
1,1,6,special_perturbed,0.9093217849731445,0.09067820012569427
1,1,6,typical_A,0.9746978282928467,0.025302225723862648
1,1,6,typical_B,0.01582702063024044,0.9841729998588562
1,1,6,boundary,0.9044714570045471,0.0955285057425499
1,1,7,special,0.910291314125061,0.08970875293016434
1,1,7,special_perturbed,0.9094750285148621,0.09052493423223495
1,1,7,typical_A,0.9752284288406372,0.024771612137556076
1,1,7,typical_B,0.006098624784499407,0.9939014315605164
1,1,7,boundary,0.9049237966537476,0.09507613629102707
1,1,8,special,0.8635289669036865,0.1364710032939911
1,1,8,special_perturbed,0.8627142906188965,0.13728569447994232
1,1,8,typical_A,0.975594699382782,0.024405278265476227
1,1,8,typical_B,0.005913099739700556,0.9940869212150574
1,1,8,boundary,0.8586339950561523,0.14136607944965363
1,1,9,special,0.8261228203773499,0.17387722432613373
1,1,9,special_perturbed,0.8254334926605225,0.1745665818452835
1,1,9,typical_A,0.9758653044700623,0.024134695529937744
1,1,9,typical_B,0.005770483054220676,0.9942293763160706
1,1,9,boundary,0.8223239779472351,0.1776759922504425
1,1,10,special,0.8261488676071167,0.17385120689868927
1,1,10,special_perturbed,0.8254949450492859,0.17450512945652008
1,1,10,typical_A,0.9854558110237122,0.014544250443577766
1,1,10,typical_B,0.005657082423567772,0.9943428635597229
1,1,10,boundary,0.8225587606430054,0.1774412989616394
1,2,1,special,0.9075925946235657,0.09240743517875671
1,2,1,special_perturbed,0.9059461951255798,0.09405386447906494
1,2,1,typical_A,0.9163508415222168,0.08364920318126678
1,2,1,typical_B,0.07093651592731476,0.9290634989738464
1,2,1,boundary,0.8971260786056519,0.10287390649318695
1,2,2,special,0.853187084197998,0.14681296050548553
1,2,2,special_perturbed,0.8518271446228027,0.14817285537719727
1,2,2,typical_A,0.9462990760803223,0.05370093137025833
1,2,2,typical_B,0.019493672996759415,0.9805063605308533
1,2,2,boundary,0.8451720476150513,0.1548280119895935
1,2,3,special,0.8350928425788879,0.1649070680141449
1,2,3,special_perturbed,0.8341730237007141,0.1658269762992859
1,2,3,typical_A,0.9693081378936768,0.0306918453425169
1,2,3,typical_B,0.017560483887791634,0.9824395775794983
1,2,3,boundary,0.8298366665840149,0.1701633632183075
1,2,4,special,0.8259006142616272,0.1740993857383728
1,2,4,special_perturbed,0.8251381516456604,0.17486175894737244
1,2,4,typical_A,0.9725003838539124,0.02749967761337757
1,2,4,typical_B,0.0072660683654248714,0.9927340149879456
1,2,4,boundary,0.821671187877655,0.17832879722118378
1,2,5,special,0.8260037302970886,0.17399625480175018
1,2,5,special_perturbed,0.8253165483474731,0.17468349635601044
1,2,5,typical_A,0.97390216588974,0.026097912341356277
1,2,5,typical_B,0.006715466268360615,0.9932845830917358
1,2,5,boundary,0.822212815284729,0.17778711020946503
1,2,6,special,0.8260717988014221,0.1739281564950943
1,2,6,special_perturbed,0.825439453125,0.17456059157848358
1,2,6,typical_A,0.9841015934944153,0.015898458659648895
1,2,6,typical_B,0.006356691475957632,0.9936432242393494
1,2,6,boundary,0.8226016759872437,0.17739827930927277
1,2,7,special,0.8262350559234619,0.17376495897769928
1,2,7,special_perturbed,0.8257012963294983,0.1742987334728241
1,2,7,typical_A,0.984648585319519,0.015351393260061741
1,2,7,typical_B,0.006106613669544458,0.9938933253288269
1,2,7,boundary,0.8233064413070679,0.1766936033964157
1,2,8,special,0.8262606859207153,0.17373941838741302
1,2,8,special_perturbed,0.825761079788208,0.1742388904094696
1,2,8,typical_A,0.98502516746521,0.014974765479564667
1,2,8,typical_B,0.005917984060943127,0.9940820336341858
1,2,8,boundary,0.8235373497009277,0.17646260559558868
1,2,9,special,0.8262795805931091,0.17372044920921326
1,2,9,special_perturbed,0.8258074522018433,0.1741926074028015
1,2,9,typical_A,0.9852917194366455,0.014708258211612701
1,2,9,typical_B,0.0057739559561014175,0.9942259788513184
1,2,9,boundary,0.8237200975418091,0.17627982795238495
1,2,10,special,0.8262941241264343,0.1737058311700821
1,2,10,special_perturbed,0.8258442878723145,0.17415574193000793
1,2,10,typical_A,0.9854913353919983,0.014508631080389023
1,2,10,typical_B,0.005659410264343023,0.9943404197692871
1,2,10,boundary,0.8238685727119446,0.1761314868927002
1,3,1,special,0.9075456261634827,0.09245443344116211
1,3,1,special_perturbed,0.9058645963668823,0.09413549304008484
1,3,1,typical_A,0.9249119162559509,0.07508806884288788
1,3,1,typical_B,0.062143031507730484,0.937856912612915
1,3,1,boundary,0.8968785405158997,0.1031215488910675
1,3,2,special,0.9089701771736145,0.09102980047464371
1,3,2,special_perturbed,0.9074919819831848,0.09250801056623459
1,3,2,typical_A,0.9149138331413269,0.08508619666099548
1,3,2,typical_B,0.03807957097887993,0.9619203805923462
1,3,2,boundary,0.8995422720909119,0.10045774281024933
1,3,3,special,0.9095593690872192,0.09044066071510315
1,3,3,special_perturbed,0.9083302617073059,0.09166976809501648
1,3,3,typical_A,0.9497694373130798,0.050230637192726135
1,3,3,typical_B,0.026930948719382286,0.9730690717697144
1,3,3,boundary,0.9016661047935486,0.09833381325006485
1,3,4,special,0.9098631143569946,0.09013679623603821
1,3,4,special_perturbed,0.9087756276130676,0.09122434258460999
1,3,4,typical_A,0.9535358548164368,0.046464111655950546
1,3,4,typical_B,0.016680127009749413,0.9833199381828308
1,3,4,boundary,0.9028385281562805,0.09716147929430008
1,3,5,special,0.9100475311279297,0.08995252847671509
1,3,5,special_perturbed,0.9090492129325867,0.09095076471567154
1,3,5,typical_A,0.9550389051437378,0.044961150735616684
1,3,5,typical_B,0.016156209632754326,0.9838438034057617
1,3,5,boundary,0.9035694003105164,0.09643065929412842
1,3,6,special,0.9101775288581848,0.08982238918542862
1,3,6,special_perturbed,0.9092598557472229,0.09074011445045471
1,3,6,typical_A,0.9745477437973022,0.025452302768826485
1,3,6,typical_B,0.01581665128469467,0.9841832518577576
1,3,6,boundary,0.9041916728019714,0.09580821543931961
1,3,7,special,0.9102715849876404,0.0897284671664238
1,3,7,special_perturbed,0.9094162583351135,0.09058360755443573
1,3,7,typical_A,0.9751416444778442,0.02485848031938076
1,3,7,typical_B,0.015579394064843655,0.984420657157898
1,3,7,boundary,0.9046680927276611,0.09533190727233887
1,3,8,special,0.9103419780731201,0.08965808153152466
1,3,8,special_perturbed,0.9095351099967957,0.09046497195959091
1,3,8,typical_A,0.9755334258079529,0.024466553702950478
1,3,8,typical_B,0.015405300073325634,0.9845947623252869
1,3,8,boundary,0.9050326943397522,0.09496733546257019
1,3,9,special,0.9103980660438538,0.08960200846195221
1,3,9,special_perturbed,0.9096344113349915,0.09036562591791153
1,3,9,typical_A,0.9758230447769165,0.024176906794309616
1,3,9,typical_B,0.015272916294634342,0.9847270846366882
1,3,9,boundary,0.9053523540496826,0.09464750438928604
1,3,10,special,0.9104433655738831,0.08955669403076172
1,3,10,special_perturbed,0.909717321395874,0.09028273075819016
1,3,10,typical_A,0.9760411381721497,0.023958921432495117
1,3,10,typical_B,0.005656697787344456,0.9943431615829468
1,3,10,boundary,0.9056267738342285,0.09437326341867447
1,4,1,special,0.8800825476646423,0.11991749703884125
1,4,1,special_perturbed,0.8792487978935242,0.12075119465589523
1,4,1,typical_A,0.9284296631813049,0.0715702548623085
1,4,1,typical_B,0.03551691025495529,0.9644829630851746
1,4,1,boundary,0.8748879432678223,0.1251121163368225
1,4,2,special,0.8813537955284119,0.11864631623029709
1,4,2,special_perturbed,0.8807211518287659,0.11927886307239532
1,4,2,typical_A,0.9427763819694519,0.05722367390990257
1,4,2,typical_B,0.02883792854845524,0.9711620211601257
1,4,2,boundary,0.8773698210716248,0.12263016402721405
1,4,3,special,0.8817868232727051,0.11821314692497253
1,4,3,special_perturbed,0.8812437057495117,0.11875631660223007
1,4,3,typical_A,0.9639017581939697,0.03609826788306236
1,4,3,typical_B,0.0176099743694067,0.9823901653289795
1,4,3,boundary,0.8783401250839233,0.12165992707014084
1,4,4,special,0.8820062875747681,0.11799376457929611
1,4,4,special_perturbed,0.8815156817436218,0.11848430335521698
1,4,4,typical_A,0.9744284152984619,0.02557157538831234
1,4,4,typical_B,0.01671900413930416,0.9832810163497925
1,4,4,boundary,0.8788756728172302,0.12112436443567276
1,4,5,special,0.8821390271186829,0.11786095052957535
1,4,5,special_perturbed,0.8816807270050049,0.11831933259963989
1,4,5,typical_A,0.9751242399215698,0.024875745177268982
1,4,5,typical_B,0.016204843297600746,0.9837952256202698
1,4,5,boundary,0.8792015314102173,0.12079846113920212
1,4,6,special,0.8822280168533325,0.1177719309926033
1,4,6,special_perturbed,0.8817957639694214,0.11820412427186966
1,4,6,typical_A,0.9849167466163635,0.01508317980915308
1,4,6,typical_B,0.006352892145514488,0.9936470985412598
1,4,6,boundary,0.8794478178024292,0.120552197098732
1,4,7,special,0.8822919726371765,0.11770805716514587
1,4,7,special_perturbed,0.881878674030304,0.11812134087085724
1,4,7,typical_A,0.9852308630943298,0.014769003726541996
1,4,7,typical_B,0.006102690473198891,0.9938973188400269
1,4,7,boundary,0.8796252012252808,0.12037483602762222
1,4,8,special,0.8823399543762207,0.11765998601913452
1,4,8,special_perturbed,0.8819410800933838,0.11805897206068039
1,4,8,typical_A,0.9854583740234375,0.014541617594659328
1,4,8,typical_B,0.005916876718401909,0.9940831065177917
1,4,8,boundary,0.8797590136528015,0.12024106085300446
1,4,9,special,0.882377564907074,0.1176224946975708
1,4,9,special_perturbed,0.8819898366928101,0.11801031976938248
1,4,9,typical_A,0.9856305122375488,0.01436951570212841
1,4,9,typical_B,0.00577341765165329,0.9942264556884766
1,4,9,boundary,0.8798635601997375,0.12013652175664902
1,4,10,special,0.8824076056480408,0.11759244650602341
1,4,10,special_perturbed,0.8820286989212036,0.11797130107879639
1,4,10,typical_A,0.9857650995254517,0.014234848320484161
1,4,10,typical_B,0.0056593166664242744,0.9943405985832214
1,4,10,boundary,0.8799474239349365,0.12005259841680527
32,1,1,special,0.880138099193573,0.11986196786165237
32,1,1,special_perturbed,0.8793129920959473,0.12068706750869751
32,1,1,typical_A,0.9117552638053894,0.08824472874403
32,1,1,typical_B,0.026761842891573906,0.9732381105422974
32,1,1,boundary,0.8749913573265076,0.12500877678394318
32,1,2,special,0.8813995718955994,0.11860035359859467
32,1,2,special_perturbed,0.8807355761528015,0.1192643791437149
32,1,2,typical_A,0.9511268734931946,0.0488731749355793
32,1,2,typical_B,0.01968943141400814,0.9803106188774109
32,1,2,boundary,0.8772216439247131,0.12277831137180328
32,1,3,special,0.8818232417106628,0.1181766614317894
32,1,3,special_perturbed,0.8812447190284729,0.11875523626804352
32,1,3,typical_A,0.9634755253791809,0.0365244559943676
32,1,3,typical_B,0.017763318493962288,0.9822368025779724
32,1,3,boundary,0.8781595826148987,0.12184032797813416
32,1,4,special,0.8820371031761169,0.11796294897794724
32,1,4,special_perturbed,0.8815092444419861,0.11849068105220795
32,1,4,typical_A,0.9648649096488953,0.03513513505458832
32,1,4,typical_B,0.016864584758877754,0.9831355214118958
32,1,4,boundary,0.8786792159080505,0.12132074683904648
32,1,5,special,0.8821659088134766,0.11783401668071747
32,1,5,special_perturbed,0.881669282913208,0.11833073198795319
32,1,5,typical_A,0.9749290347099304,0.02507108263671398
32,1,5,typical_B,0.01634693518280983,0.9836530685424805
32,1,5,boundary,0.8789945244789124,0.12100543826818466
32,1,6,special,0.8822522759437561,0.11774776130914688
32,1,6,special_perturbed,0.8817763924598694,0.1182236447930336
32,1,6,typical_A,0.9754180908203125,0.0245819129049778
32,1,6,typical_B,0.016012459993362427,0.9839875102043152
32,1,6,boundary,0.8792062401771545,0.12079375237226486
32,1,7,special,0.8823139667510986,0.11768603324890137
32,1,7,special_perturbed,0.8818531632423401,0.11814691126346588
32,1,7,typical_A,0.9757533669471741,0.02424667961895466
32,1,7,typical_B,0.006286639720201492,0.9937134981155396
32,1,7,boundary,0.8793582320213318,0.1206417828798294
32,1,8,special,0.8823603391647339,0.11763966083526611
32,1,8,special_perturbed,0.8819108605384827,0.1180892214179039
32,1,8,typical_A,0.9759973883628845,0.024002578109502792
32,1,8,typical_B,0.0061022937297821045,0.9938977360725403
32,1,8,boundary,0.8794726729393005,0.12052740156650543
32,1,9,special,0.8823964595794678,0.11760354787111282
32,1,9,special_perturbed,0.8819557428359985,0.11804427206516266
32,1,9,typical_A,0.9761831164360046,0.023816870525479317
32,1,9,typical_B,0.005960527341812849,0.9940393567085266
32,1,9,boundary,0.8795617818832397,0.12043818831443787
32,1,10,special,0.8824253678321838,0.11757463961839676
32,1,10,special_perturbed,0.8819917440414429,0.11800827831029892
32,1,10,typical_A,0.9763290882110596,0.023670842871069908
32,1,10,typical_B,0.005848127882927656,0.994151771068573
32,1,10,boundary,0.8796333074569702,0.120366670191288
32,2,1,special,0.8893972039222717,0.11060276627540588
32,2,1,special_perturbed,0.8883224129676819,0.1116776317358017
32,2,1,typical_A,0.9025794267654419,0.09742056578397751
32,2,1,typical_B,0.03566353768110275,0.9643363952636719
32,2,1,boundary,0.8826369047164917,0.11736318469047546
32,2,2,special,0.8907167911529541,0.10928330570459366
32,2,2,special_perturbed,0.8899040818214417,0.11009597033262253
32,2,2,typical_A,0.9591103196144104,0.040889643132686615
32,2,2,typical_B,0.01969914138317108,0.9803008437156677
32,2,2,boundary,0.8855463862419128,0.1144535169005394
32,2,3,special,0.891166090965271,0.108833909034729
32,2,3,special_perturbed,0.8904748558998108,0.10952523350715637
32,2,3,typical_A,0.9723101258277893,0.0276898555457592
32,2,3,typical_B,0.017770905047655106,0.9822289943695068
32,2,3,boundary,0.8867307305335999,0.11326924711465836
32,2,4,special,0.8913936614990234,0.10860638320446014
32,2,4,special_perturbed,0.8907722234725952,0.10922783613204956
32,2,4,typical_A,0.9739540815353394,0.026045922189950943
32,2,4,typical_B,0.016871526837348938,0.9831284880638123
32,2,4,boundary,0.8873809576034546,0.11261900514364243
32,2,5,special,0.8915308713912964,0.10846909880638123
32,2,5,special_perturbed,0.8909523487091064,0.10904770344495773
32,2,5,typical_A,0.9748155474662781,0.025184452533721924
32,2,5,typical_B,0.016353469341993332,0.9836465120315552
32,2,5,boundary,0.8877771496772766,0.11222277581691742
32,2,6,special,0.8916231393814087,0.1083768680691719
32,2,6,special_perturbed,0.8910780549049377,0.10892192274332047
32,2,6,typical_A,0.9753588438034058,0.02464115060865879
32,2,6,typical_B,0.016018418595194817,0.9839815497398376
32,2,6,boundary,0.88807213306427,0.11192785948514938
32,2,7,special,0.8916892409324646,0.10831080377101898
32,2,7,special_perturbed,0.8911684155464172,0.10883159935474396
32,2,7,typical_A,0.9757246375083923,0.02427532710134983
32,2,7,typical_B,0.006289533339440823,0.9937103986740112
32,2,7,boundary,0.8882845640182495,0.1117153912782669
32,2,8,special,0.8917388916015625,0.10826115310192108
32,2,8,special_perturbed,0.891236424446106,0.10876363515853882
32,2,8,typical_A,0.9853459596633911,0.014654017053544521
32,2,8,typical_B,0.0061050159856677055,0.9938949346542358
32,2,8,boundary,0.8884449601173401,0.1115550696849823
32,2,9,special,0.891777515411377,0.10822250694036484
32,2,9,special_perturbed,0.8912894129753113,0.1087106317281723
32,2,9,typical_A,0.9855503439903259,0.014449686743319035
32,2,9,typical_B,0.00596285704523325,0.9940370321273804
32,2,9,boundary,0.8885701894760132,0.11142974346876144
32,2,10,special,0.8918081521987915,0.10819185525178909
32,2,10,special_perturbed,0.8913319706916809,0.10866808891296387
32,2,10,typical_A,0.9857098460197449,0.014290167018771172
32,2,10,typical_B,0.005849810782819986,0.9941501021385193
32,2,10,boundary,0.8886728286743164,0.11132718622684479
32,3,1,special,0.8707407712936401,0.12925925850868225
32,3,1,special_perturbed,0.8703838586807251,0.12961621582508087
32,3,1,typical_A,0.92766934633255,0.07233062386512756
32,3,1,typical_B,0.035839878022670746,0.9641600251197815
32,3,1,boundary,0.8684996366500854,0.1315004676580429
32,3,2,special,0.8720420002937317,0.12795808911323547
32,3,2,special_perturbed,0.8716806173324585,0.12831947207450867
32,3,2,typical_A,0.943615198135376,0.05638483166694641
32,3,2,typical_B,0.0197127815335989,0.9802872538566589
32,3,2,boundary,0.8697713613510132,0.13022859394550323
32,3,3,special,0.8724610209465027,0.12753906846046448
32,3,3,special_perturbed,0.8721080422401428,0.12789197266101837
32,3,3,typical_A,0.9549151062965393,0.045084916055202484
32,3,3,typical_B,0.017765749245882034,0.9822342991828918
32,3,3,boundary,0.8702407479286194,0.12975932657718658
32,3,4,special,0.8726688623428345,0.12733112275600433
32,3,4,special_perturbed,0.8723202347755432,0.12767978012561798
32,3,4,typical_A,0.9559227824211121,0.044077299535274506
32,3,4,typical_B,0.016861381009221077,0.9831386208534241
32,3,4,boundary,0.8704735636711121,0.12952639162540436
32,3,5,special,0.8727925419807434,0.12720748782157898
32,3,5,special_perturbed,0.8724521398544312,0.1275477409362793
32,3,5,typical_A,0.9565197825431824,0.043480221182107925
32,3,5,typical_B,0.0068932780995965,0.9931067228317261
32,3,5,boundary,0.8706474304199219,0.12935250997543335
32,3,6,special,0.8728749752044678,0.1271250993013382
32,3,6,special_perturbed,0.8725401759147644,0.12745974957942963
32,3,6,typical_A,0.9569056630134583,0.04309428855776787
32,3,6,typical_B,0.006536491680890322,0.9934635162353516
32,3,6,boundary,0.8707634806632996,0.12923656404018402
32,3,7,special,0.8729336857795715,0.1270662397146225
32,3,7,special_perturbed,0.8726031184196472,0.12739691138267517
32,3,7,typical_A,0.9571757316589355,0.04282430186867714
32,3,7,typical_B,0.006286179181188345,0.9937137365341187
32,3,7,boundary,0.8708462715148926,0.12915374338626862
32,3,8,special,0.8729779720306396,0.12702211737632751
32,3,8,special_perturbed,0.8726502656936646,0.12734977900981903
32,3,8,typical_A,0.957375168800354,0.042624812573194504
32,3,8,typical_B,0.006101667881011963,0.993898332118988
32,3,8,boundary,0.8709083199501038,0.12909163534641266
32,3,9,special,0.8730121850967407,0.12698781490325928
32,3,9,special_perturbed,0.8726869225502014,0.12731312215328217
32,3,9,typical_A,0.9575285911560059,0.04247138649225235
32,3,9,typical_B,0.005960095673799515,0.9940398335456848
32,3,9,boundary,0.8709567189216614,0.129043310880661
32,3,10,special,0.8730395436286926,0.1269603818655014
32,3,10,special_perturbed,0.8727162480354309,0.12728381156921387
32,3,10,typical_A,0.9576503038406372,0.04234970733523369
32,3,10,typical_B,0.005848053377121687,0.994151771068573
32,3,10,boundary,0.8709954619407654,0.12900467216968536
32,4,1,special,0.90789395570755,0.09210604429244995
32,4,1,special_perturbed,0.9071067571640015,0.09289334714412689
32,4,1,typical_A,0.9009820818901062,0.09901795536279678
32,4,1,typical_B,0.026766374707221985,0.9732335209846497
32,4,1,boundary,0.9027010798454285,0.09729886800050735
32,4,2,special,0.9093665480613708,0.09063342213630676
32,4,2,special_perturbed,0.9087285995483398,0.09127142280340195
32,4,2,typical_A,0.9507103562355042,0.04928971827030182
32,4,2,typical_B,0.019675036892294884,0.980324923992157
32,4,2,boundary,0.9050788283348083,0.09492108970880508
32,4,3,special,0.9098646640777588,0.09013526886701584
32,4,3,special_perturbed,0.9093053340911865,0.09069459140300751
32,4,3,typical_A,0.9541020393371582,0.0458979532122612
32,4,3,typical_B,0.008384636603295803,0.991615355014801
32,4,3,boundary,0.9060540795326233,0.09394587576389313
32,4,4,special,0.9101172089576721,0.08988282084465027
32,4,4,special_perturbed,0.9095982313156128,0.09040175378322601
32,4,4,typical_A,0.9554654359817505,0.04453457146883011
32,4,4,typical_B,0.007439305540174246,0.9925608038902283
32,4,4,boundary,0.9065510034561157,0.09344901889562607
32,4,5,special,0.9102698564529419,0.08973010629415512
32,4,5,special_perturbed,0.9097806811332703,0.09021926671266556
32,4,5,typical_A,0.9562221765518188,0.043777868151664734
32,4,5,typical_B,0.0068921782076358795,0.993107795715332
32,4,5,boundary,0.9068837761878967,0.09311613440513611
32,4,6,special,0.9103723168373108,0.0896276980638504
32,4,6,special_perturbed,0.9099031686782837,0.09009677171707153
32,4,6,typical_A,0.9660212993621826,0.03397871181368828
32,4,6,typical_B,0.006536009255796671,0.9934639930725098
32,4,6,boundary,0.9071076512336731,0.09289231896400452
32,4,7,special,0.9104456901550293,0.08955423533916473
32,4,7,special_perturbed,0.9099911451339722,0.09000886976718903
32,4,7,typical_A,0.9663546681404114,0.03364536911249161
32,4,7,typical_B,0.006286206189543009,0.9937137961387634
32,4,7,boundary,0.9072685241699219,0.09273149073123932
32,4,8,special,0.9105010628700256,0.08949897438287735
32,4,8,special_perturbed,0.9100572466850281,0.08994270861148834
32,4,8,typical_A,0.9665964245796204,0.03340357914566994
32,4,8,typical_B,0.0061016869731247425,0.9938982725143433
32,4,8,boundary,0.907389760017395,0.09261035174131393
32,4,9,special,0.910544216632843,0.08945591747760773
32,4,9,special_perturbed,0.9101089835166931,0.08989112824201584
32,4,9,typical_A,0.9667797684669495,0.03322015330195427
32,4,9,typical_B,0.005960260983556509,0.9940395951271057
32,4,9,boundary,0.9074841737747192,0.09251583367586136
32,4,10,special,0.9105785489082336,0.08942138403654099
32,4,10,special_perturbed,0.9101502299308777,0.08984975516796112
32,4,10,typical_A,0.9669238328933716,0.03307622671127319
32,4,10,typical_B,0.0058480422012507915,0.9941518902778625
32,4,10,boundary,0.9075599908828735,0.09243999421596527
64,1,1,special,0.9077804088592529,0.09221965819597244
64,1,1,special_perturbed,0.9062826037406921,0.09371739625930786
64,1,1,typical_A,0.9155626893043518,0.08443722873926163
64,1,1,typical_B,0.03555138409137726,0.9644486308097839
64,1,1,boundary,0.8982442021369934,0.10175581276416779
64,1,2,special,0.9182887673377991,0.0817113071680069
64,1,2,special_perturbed,0.9167794585227966,0.0832204669713974
64,1,2,typical_A,0.8981742858886719,0.10182567685842514
64,1,2,typical_B,0.01040098536759615,0.9895989894866943
64,1,2,boundary,0.9085336923599243,0.0914662554860115
64,1,3,special,0.9281695485115051,0.07183033227920532
64,1,3,special_perturbed,0.9268406629562378,0.07315925508737564
64,1,3,typical_A,0.8405902981758118,0.159409761428833
64,1,3,typical_B,0.008366666734218597,0.991633415222168
64,1,3,boundary,0.919394314289093,0.08060561865568161
64,1,4,special,0.9285207390785217,0.0714791864156723
64,1,4,special_perturbed,0.9273586273193359,0.07264132797718048
64,1,4,typical_A,0.9464210271835327,0.05357896164059639
64,1,4,typical_B,0.007410903461277485,0.9925891160964966
64,1,4,boundary,0.9207906723022461,0.0792093575000763
64,1,5,special,0.9287422299385071,0.07125786691904068
64,1,5,special_perturbed,0.9277020692825317,0.07229787111282349
64,1,5,typical_A,0.9706816673278809,0.02931841090321541
64,1,5,typical_B,0.006855231709778309,0.9931447505950928
64,1,5,boundary,0.9217738509178162,0.07822610437870026
64,1,6,special,0.9288920760154724,0.07110799103975296
64,1,6,special_perturbed,0.9279406070709229,0.07205940037965775
64,1,6,typical_A,0.9729978442192078,0.027002058923244476
64,1,6,typical_B,0.006491861771792173,0.9935081601142883
64,1,6,boundary,0.9224744439125061,0.07752559334039688
64,1,7,special,0.9290003180503845,0.07099971920251846
64,1,7,special_perturbed,0.9281172156333923,0.07188284397125244
64,1,7,typical_A,0.9741678833961487,0.02583213336765766
64,1,7,typical_B,0.00623568007722497,0.993764340877533
64,1,7,boundary,0.9230057001113892,0.07699434459209442
64,1,8,special,0.9290817379951477,0.07091838121414185
64,1,8,special_perturbed,0.9282514452934265,0.07174865901470184
64,1,8,typical_A,0.9748596549034119,0.0251404270529747
64,1,8,typical_B,0.006045407149940729,0.9939545392990112
64,1,8,boundary,0.9234133958816528,0.07658661901950836
64,1,9,special,0.9291455149650574,0.07085447013378143
64,1,9,special_perturbed,0.92835932970047,0.0716407299041748
64,1,9,typical_A,0.9753281474113464,0.02467188611626625
64,1,9,typical_B,0.005898527801036835,0.9941014647483826
64,1,9,boundary,0.9237489700317383,0.0762510895729065
64,1,10,special,0.9291970729827881,0.07080287486314774
64,1,10,special_perturbed,0.9284485578536987,0.07155148684978485
64,1,10,typical_A,0.9756659865379333,0.024333883076906204
64,1,10,typical_B,0.005781746003776789,0.9942181706428528
64,1,10,boundary,0.9240323901176453,0.07596758008003235
64,2,1,special,0.9356814622879028,0.06431859731674194
64,2,1,special_perturbed,0.9344497919082642,0.06555027514696121
64,2,1,typical_A,0.8768725991249084,0.12312746047973633
64,2,1,typical_B,0.01783176325261593,0.9821681976318359
64,2,1,boundary,0.9273814558982849,0.07261855900287628
64,2,2,special,0.9370891451835632,0.06291073560714722
64,2,2,special_perturbed,0.9358031153678894,0.06419681012630463
64,2,2,typical_A,0.8665188550949097,0.1334812045097351
64,2,2,typical_B,0.0103983823210001,0.9896016120910645
64,2,2,boundary,0.9284203052520752,0.07157965749502182
64,2,3,special,0.9376799464225769,0.06232008710503578
64,2,3,special_perturbed,0.9365678429603577,0.06343211233615875
64,2,3,typical_A,0.9318848848342896,0.06811513006687164
64,2,3,typical_B,0.008367599919438362,0.9916325211524963
64,2,3,boundary,0.9301163554191589,0.06988362967967987
64,2,4,special,0.938005268573761,0.06199470907449722
64,2,4,special_perturbed,0.9370353817939758,0.06296450644731522
64,2,4,typical_A,0.9860323071479797,0.013967630453407764
64,2,4,typical_B,0.007413508836179972,0.9925864934921265
64,2,4,boundary,0.9313414096832275,0.06865852326154709
64,2,5,special,0.9382060170173645,0.06179393455386162
64,2,5,special_perturbed,0.9373343586921692,0.06266564130783081
64,2,5,typical_A,0.9903793334960938,0.009620592929422855
64,2,5,typical_B,0.0068588173016905785,0.9931411743164062
64,2,5,boundary,0.9321593046188354,0.06784068048000336
64,2,6,special,0.938340961933136,0.06165903061628342
64,2,6,special_perturbed,0.9375370740890503,0.0624629445374012
64,2,6,typical_A,0.9921466708183289,0.007853439077734947
64,2,6,typical_B,0.006496073678135872,0.9935039281845093
64,2,6,boundary,0.9327185750007629,0.06728135049343109
64,2,7,special,0.9384385347366333,0.0615614578127861
64,2,7,special_perturbed,0.93768709897995,0.062313005328178406
64,2,7,typical_A,0.9931278228759766,0.006872157100588083
64,2,7,typical_B,0.006240368355065584,0.9937596321105957
64,2,7,boundary,0.9331430792808533,0.06685696542263031
64,2,8,special,0.9385119080543518,0.06148803234100342
64,2,8,special_perturbed,0.9378007650375366,0.06219928711652756
64,2,8,typical_A,0.993740439414978,0.006259550806134939
64,2,8,typical_B,0.0060504283756017685,0.9939495325088501
64,2,8,boundary,0.9334672689437866,0.0665326863527298
64,2,9,special,0.9385702610015869,0.06142982468008995
64,2,9,special_perturbed,0.9378945231437683,0.062105536460876465
64,2,9,typical_A,0.9941765666007996,0.005823413375765085
64,2,9,typical_B,0.005903802812099457,0.9940962195396423
64,2,9,boundary,0.9337465763092041,0.0662534311413765
64,2,10,special,0.9386168122291565,0.06138322874903679
64,2,10,special_perturbed,0.9379701614379883,0.06202995032072067
64,2,10,typical_A,0.9944896697998047,0.005510333925485611
64,2,10,typical_B,0.005787198897451162,0.9942126870155334
64,2,10,boundary,0.9339730739593506,0.0660269632935524
64,3,1,special,0.8985516428947449,0.10144838690757751
64,3,1,special_perturbed,0.8968698382377625,0.10313018411397934
64,3,1,typical_A,0.914945125579834,0.0850549191236496
64,3,1,typical_B,0.026694750413298607,0.9733051657676697
64,3,1,boundary,0.8879533410072327,0.11204679310321808
64,3,2,special,0.8996922969818115,0.10030769556760788
64,3,2,special_perturbed,0.8980078101158142,0.10199213027954102
64,3,2,typical_A,0.91703861951828,0.08296142518520355
64,3,2,typical_B,0.010412069037556648,0.9895880222320557
64,3,2,boundary,0.889080822467804,0.11091915518045425
64,3,3,special,0.9001742601394653,0.09982578456401825
64,3,3,special_perturbed,0.8986149430274963,0.10138507932424545
64,3,3,typical_A,0.8486147522926331,0.15138526260852814
64,3,3,typical_B,0.00837385468184948,0.9916261434555054
64,3,3,boundary,0.8903284072875977,0.10967162251472473
64,3,4,special,0.9005128145217896,0.09948714077472687
64,3,4,special_perturbed,0.8991583585739136,0.10084161162376404
64,3,4,typical_A,0.9553802013397217,0.044619813561439514
64,3,4,typical_B,0.007416201755404472,0.9925838708877563
64,3,4,boundary,0.8919222950935364,0.10807762295007706
64,3,5,special,0.9007232189178467,0.09927671402692795
64,3,5,special_perturbed,0.8995180726051331,0.10048196464776993
64,3,5,typical_A,0.9707581996917725,0.029241790995001793
64,3,5,typical_B,0.006859422195702791,0.9931405782699585
64,3,5,boundary,0.8930455446243286,0.10695435851812363
64,3,6,special,0.9008630514144897,0.09913701564073563
64,3,6,special_perturbed,0.8997660279273987,0.10023394227027893
64,3,6,typical_A,0.9730290770530701,0.02697088196873665
64,3,6,typical_B,0.006495316978543997,0.9935046434402466
64,3,6,boundary,0.8938471078872681,0.10615289956331253
64,3,7,special,0.9009591937065125,0.09904085099697113
64,3,7,special_perturbed,0.8999438881874084,0.10005611181259155
64,3,7,typical_A,0.9741591215133667,0.025840895250439644
64,3,7,typical_B,0.0062386333011090755,0.993761420249939
64,3,7,boundary,0.8944425582885742,0.10555750876665115
64,3,8,special,0.9010327458381653,0.09896714985370636
64,3,8,special_perturbed,0.9000824093818665,0.09991762042045593
64,3,8,typical_A,0.9748528003692627,0.02514725737273693
64,3,8,typical_B,0.006047967821359634,0.9939520359039307
64,3,8,boundary,0.894910991191864,0.10508899390697479
64,3,9,special,0.9010902643203735,0.09890973567962646
64,3,9,special_perturbed,0.9001938104629517,0.09980622678995132
64,3,9,typical_A,0.9753227233886719,0.024677373468875885
64,3,9,typical_B,0.005900775548070669,0.9940991997718811
64,3,9,boundary,0.8952971696853638,0.10470295697450638
64,3,10,special,0.9011356234550476,0.09886439144611359
64,3,10,special_perturbed,0.9002832174301147,0.09971676021814346
64,3,10,typical_A,0.9756540060043335,0.024346044287085533
64,3,10,typical_B,0.005783728323876858,0.9942163228988647
64,3,10,boundary,0.8956108689308167,0.10438919067382812
64,4,1,special,0.8894580602645874,0.11054199188947678
64,4,1,special_perturbed,0.888058602809906,0.11194147914648056
64,4,1,typical_A,0.84842449426651,0.1515754908323288
64,4,1,typical_B,0.018086522817611694,0.9819133281707764
64,4,1,boundary,0.8807058930397034,0.11929409205913544
64,4,2,special,0.8907673954963684,0.10923267900943756
64,4,2,special_perturbed,0.8897690176963806,0.1102309599518776
64,4,2,typical_A,0.9626535177230835,0.03734646737575531
64,4,2,typical_B,0.010441290214657784,0.9895586371421814
64,4,2,boundary,0.8844508528709412,0.11554918438196182
64,4,3,special,0.8912165760993958,0.10878344625234604
64,4,3,special_perturbed,0.8903830647468567,0.10961692780256271
64,4,3,typical_A,0.9796333312988281,0.02036662958562374
64,4,3,typical_B,0.008383553475141525,0.9916164875030518
64,4,3,boundary,0.8858984112739563,0.11410152167081833
64,4,4,special,0.8914434909820557,0.10855648666620255
64,4,4,special_perturbed,0.8907025456428528,0.10929740965366364
64,4,4,typical_A,0.9822075963020325,0.017792390659451485
64,4,4,typical_B,0.007421048358082771,0.9925790429115295
64,4,4,boundary,0.8866854906082153,0.11331450194120407
64,4,5,special,0.8915813565254211,0.10841858386993408
64,4,5,special_perturbed,0.8909071087837219,0.10909291356801987
64,4,5,typical_A,0.9834887385368347,0.016511326655745506
64,4,5,typical_B,0.006862567272037268,0.9931373000144958
64,4,5,boundary,0.8872260451316833,0.11277391761541367
64,4,6,special,0.891673743724823,0.10832618921995163
64,4,6,special_perturbed,0.8910486698150635,0.10895136743783951
64,4,6,typical_A,0.9842406511306763,0.015759365633130074
64,4,6,typical_B,0.0064977859146893024,0.993502140045166
64,4,6,boundary,0.8876153826713562,0.11238459497690201
64,4,7,special,0.8917397260665894,0.10826019197702408
64,4,7,special_perturbed,0.8911504745483398,0.10884963721036911
64,4,7,typical_A,0.984726071357727,0.015273850411176682
64,4,7,typical_B,0.0062408288940787315,0.9937591552734375
64,4,7,boundary,0.8878974318504333,0.11210262030363083
64,4,8,special,0.8917896151542664,0.10821043699979782
64,4,8,special_perturbed,0.8912304043769836,0.10876965522766113
64,4,8,typical_A,0.9850728511810303,0.014927256852388382
64,4,8,typical_B,0.006050060968846083,0.9939500093460083
64,4,8,boundary,0.8881295323371887,0.1118704229593277
64,4,9,special,0.8918283581733704,0.10817157477140427
64,4,9,special_perturbed,0.8912954330444336,0.10870452970266342
64,4,9,typical_A,0.9853320717811584,0.014667944982647896
64,4,9,typical_B,0.0059028733521699905,0.994097113609314
64,4,9,boundary,0.88832688331604,0.11167304217815399
64,4,10,special,0.8918594121932983,0.10814052075147629
64,4,10,special_perturbed,0.8913478255271912,0.1086522564291954
64,4,10,typical_A,0.9948848485946655,0.005115099251270294
64,4,10,typical_B,0.0057858657091856,0.9942140579223633
64,4,10,boundary,0.8884862661361694,0.11151377111673355
128,1,1,special,0.8983818888664246,0.10161818563938141
128,1,1,special_perturbed,0.8971353769302368,0.10286472737789154
128,1,1,typical_A,0.8417109847068787,0.15828900039196014
128,1,1,typical_B,0.018379677087068558,0.9816202521324158
128,1,1,boundary,0.8905616998672485,0.10943838953971863
128,1,2,special,0.899876594543457,0.10012350976467133
128,1,2,special_perturbed,0.8989850282669067,0.10101500153541565
128,1,2,typical_A,0.9430877566337585,0.05691217631101608
128,1,2,typical_B,0.01032988727092743,0.9896701574325562
128,1,2,boundary,0.8941802978515625,0.10581967979669571
128,1,3,special,0.9003719091415405,0.09962809085845947
128,1,3,special_perturbed,0.899641752243042,0.10035832971334457
128,1,3,typical_A,0.9516496658325195,0.048350267112255096
128,1,3,typical_B,0.008257010020315647,0.9917429685592651
128,1,3,boundary,0.8956506252288818,0.10434935241937637
128,1,4,special,0.9006255269050598,0.09937436133623123
128,1,4,special_perturbed,0.8999989628791809,0.1000010296702385
128,1,4,typical_A,0.9540846943855286,0.04591535031795502
128,1,4,typical_B,0.007296970579773188,0.9927029609680176
128,1,4,boundary,0.8965298533439636,0.10347016900777817
128,1,5,special,0.9007800221443176,0.0992199182510376
128,1,5,special_perturbed,0.9002181887626648,0.09978177398443222
128,1,5,typical_A,0.955253005027771,0.04474708065390587
128,1,5,typical_B,0.0067435759119689465,0.9932563900947571
128,1,5,boundary,0.8970748782157898,0.10292510688304901
128,1,6,special,0.900883674621582,0.09911619126796722
128,1,6,special_perturbed,0.9003661274909973,0.09963373094797134
128,1,6,typical_A,0.9558035135269165,0.044196490198373795
128,1,6,typical_B,0.006383976899087429,0.9936160445213318
128,1,6,boundary,0.8974452018737793,0.10255475342273712
128,1,7,special,0.9009579420089722,0.09904206544160843
128,1,7,special_perturbed,0.9004760384559631,0.09952389448881149
128,1,7,typical_A,0.9562392830848694,0.043760668486356735
128,1,7,typical_B,0.006131886504590511,0.9938681721687317
128,1,7,boundary,0.8977346420288086,0.10226549953222275
128,1,8,special,0.9010137319564819,0.09898631274700165
128,1,8,special_perturbed,0.90055912733078,0.09944093972444534
128,1,8,typical_A,0.956545352935791,0.04345470666885376
128,1,8,typical_B,0.0059456052258610725,0.99405437707901
128,1,8,boundary,0.8979539275169373,0.10204607248306274
128,1,9,special,0.9010574817657471,0.09894242882728577
128,1,9,special_perturbed,0.900624692440033,0.0993753969669342
128,1,9,typical_A,0.956794261932373,0.0432056225836277
128,1,9,typical_B,0.005802314728498459,0.9941975474357605
128,1,9,boundary,0.898128092288971,0.10187194496393204
128,1,10,special,0.9010928273200989,0.0989072397351265
128,1,10,special_perturbed,0.9006773829460144,0.09932272136211395
128,1,10,typical_A,0.9569841027259827,0.043015893548727036
128,1,10,typical_B,0.005688510835170746,0.9943113327026367
128,1,10,boundary,0.8982684016227722,0.10173165053129196
128,2,1,special,0.8984841704368591,0.10151578485965729
128,2,1,special_perturbed,0.8972508907318115,0.10274913907051086
128,2,1,typical_A,0.8560104966163635,0.14398954808712006
128,2,1,typical_B,0.01780618540942669,0.9821937680244446
128,2,1,boundary,0.8907044529914856,0.10929562151432037
128,2,2,special,0.8998945355415344,0.10010542720556259
128,2,2,special_perturbed,0.8989299535751343,0.10107002407312393
128,2,2,typical_A,0.947185218334198,0.052814703434705734
128,2,2,typical_B,0.010440357960760593,0.9895596504211426
128,2,2,boundary,0.8937424421310425,0.10625752806663513
128,2,3,special,0.9003874659538269,0.09961254149675369
128,2,3,special_perturbed,0.8995572924613953,0.10044273734092712
128,2,3,typical_A,0.9617379903793335,0.0382620245218277
128,2,3,typical_B,0.008382298983633518,0.9916177988052368
128,2,3,boundary,0.8950480818748474,0.1049518808722496
128,2,4,special,0.9006391763687134,0.09936081618070602
128,2,4,special_perturbed,0.8998854160308838,0.1001146137714386
128,2,4,typical_A,0.9731078147888184,0.026892276480793953
128,2,4,typical_B,0.007408603560179472,0.9925915002822876
128,2,4,boundary,0.8957610726356506,0.10423891991376877
128,2,5,special,0.9007917642593384,0.09920821338891983
128,2,5,special_perturbed,0.900084912776947,0.09991501271724701
128,2,5,typical_A,0.9835886359214783,0.016411393880844116
128,2,5,typical_B,0.006840353831648827,0.9931595921516418
128,2,5,boundary,0.8961970210075378,0.10380294919013977
128,2,6,special,0.9008941650390625,0.09910579025745392
128,2,6,special_perturbed,0.9002191424369812,0.09978075325489044
128,2,6,typical_A,0.9842252731323242,0.015774842351675034
128,2,6,typical_B,0.00646782573312521,0.9935320615768433
128,2,6,boundary,0.8964911699295044,0.10350880771875381
128,2,7,special,0.9009683728218079,0.09903162717819214
128,2,7,special_perturbed,0.9003202319145203,0.09967970848083496
128,2,7,typical_A,0.9940832853317261,0.005916728638112545
128,2,7,typical_B,0.0062047140672802925,0.9937952756881714
128,2,7,boundary,0.8967273235321045,0.10327266901731491
128,2,8,special,0.9010246992111206,0.09897519648075104
128,2,8,special_perturbed,0.9004005193710327,0.09959949553012848
128,2,8,typical_A,0.9944086670875549,0.005591381341218948
128,2,8,typical_B,0.006008973810821772,0.9939910769462585
128,2,8,boundary,0.8969270586967468,0.10307283699512482
128,2,9,special,0.9010688662528992,0.0989311933517456
128,2,9,special_perturbed,0.9004631638526917,0.09953681379556656
128,2,9,typical_A,0.9946495294570923,0.005350426770746708
128,2,9,typical_B,0.005859117954969406,0.9941408634185791
128,2,9,boundary,0.8970837593078613,0.10291630029678345
128,2,10,special,0.9011040925979614,0.09889590740203857
128,2,10,special_perturbed,0.9005134701728821,0.09948648512363434
128,2,10,typical_A,0.9948354959487915,0.005164433270692825
128,2,10,typical_B,0.005746564362198114,0.9942533373832703
128,2,10,boundary,0.897209644317627,0.10279036313295364
128,3,1,special,0.8708887696266174,0.12911131978034973
128,3,1,special_perturbed,0.8700022101402283,0.12999777495861053
128,3,1,typical_A,0.9095299243927002,0.09047006070613861
128,3,1,typical_B,0.02657109685242176,0.9734288454055786
128,3,1,boundary,0.865466296672821,0.13453376293182373
128,3,2,special,0.8813541531562805,0.11864591389894485
128,3,2,special_perturbed,0.8713377714157104,0.12866222858428955
128,3,2,typical_A,0.9412691593170166,0.05873086303472519
128,3,2,typical_B,0.010259033180773258,0.9897409081459045
128,3,2,boundary,0.8676359057426453,0.13236410915851593
128,3,3,special,0.8817750215530396,0.11822491884231567
128,3,3,special_perturbed,0.8810977935791016,0.11890226602554321
128,3,3,typical_A,0.9536245465278625,0.04637550190091133
128,3,3,typical_B,0.00824896153062582,0.9917511343955994
128,3,3,boundary,0.8684976100921631,0.1315024346113205
128,3,4,special,0.8819867968559265,0.11801309138536453
128,3,4,special_perturbed,0.8813486695289612,0.11865124851465225
128,3,4,typical_A,0.9550060629844666,0.044994059950113297
128,3,4,typical_B,0.007292849477380514,0.9927072525024414
128,3,4,boundary,0.8689342737197876,0.1310657560825348
128,3,5,special,0.8821158409118652,0.11788421869277954
128,3,5,special_perturbed,0.8815131783485413,0.11848683655261993
128,3,5,typical_A,0.9650838971138,0.03491616249084473
128,3,5,typical_B,0.0067448485642671585,0.9932552576065063
128,3,5,boundary,0.8783196210861206,0.1216803640127182
128,3,6,special,0.8822029232978821,0.11779705435037613
128,3,6,special_perturbed,0.8816342353820801,0.11836571991443634
128,3,6,typical_A,0.9656363129615784,0.034363728016614914
128,3,6,typical_B,0.006387235131114721,0.9936127662658691
128,3,6,boundary,0.8786112666130066,0.12138871103525162
128,3,7,special,0.8822658061981201,0.11773419380187988
128,3,7,special_perturbed,0.8817297220230103,0.1182703897356987
128,3,7,typical_A,0.9660282731056213,0.03397176042199135
128,3,7,typical_B,0.006135583855211735,0.9938644766807556
128,3,7,boundary,0.878869891166687,0.12113018333911896
128,3,8,special,0.8823131322860718,0.11768697947263718
128,3,8,special_perturbed,0.8818016648292542,0.11819849163293839
128,3,8,typical_A,0.9663058519363403,0.03369421139359474
128,3,8,typical_B,0.005949192214757204,0.9940508008003235
128,3,8,boundary,0.8790656328201294,0.12093432992696762
128,3,9,special,0.8823500275611877,0.11764997243881226
128,3,9,special_perturbed,0.8818610310554504,0.11813894659280777
128,3,9,typical_A,0.9665195345878601,0.03348048776388168
128,3,9,typical_B,0.005805360618978739,0.9941946268081665
128,3,9,boundary,0.8792384266853333,0.12076160311698914
128,3,10,special,0.8823795318603516,0.11762049049139023
128,3,10,special_perturbed,0.8819119334220886,0.11808808147907257
128,3,10,typical_A,0.9666910767555237,0.03330882638692856
128,3,10,typical_B,0.005691050086170435,0.9943088889122009
128,3,10,boundary,0.8793967366218567,0.1206032782793045
128,4,1,special,0.8893225789070129,0.11067744344472885
128,4,1,special_perturbed,0.8881324529647827,0.11186765134334564
128,4,1,typical_A,0.8928693532943726,0.10713065415620804
128,4,1,typical_B,0.044307462871074677,0.9556925296783447
128,4,1,boundary,0.8818780183792114,0.11812196671962738
128,4,2,special,0.8906447887420654,0.10935518145561218
128,4,2,special_perturbed,0.8897254467010498,0.11027462035417557
128,4,2,typical_A,0.9486704468727112,0.051329467445611954
128,4,2,typical_B,0.019526556134223938,0.980473518371582
128,4,2,boundary,0.8848416805267334,0.11515840142965317
128,4,3,special,0.891100287437439,0.10889969766139984
128,4,3,special_perturbed,0.8903076648712158,0.10969230532646179
128,4,3,typical_A,0.9532163739204407,0.04678376019001007
128,4,3,typical_B,0.017586151137948036,0.9824138283729553
128,4,3,boundary,0.8860645890235901,0.11393539607524872
128,4,4,special,0.891309380531311,0.10869061201810837
128,4,4,special_perturbed,0.890610933303833,0.10938902944326401
128,4,4,typical_A,0.9641794562339783,0.03582054749131203
128,4,4,typical_B,0.007298316806554794,0.9927016496658325
128,4,4,boundary,0.8867331743240356,0.11326677352190018
128,4,5,special,0.8914502263069153,0.10854976624250412
128,4,5,special_perturbed,0.8907947540283203,0.10920530557632446
128,4,5,typical_A,0.9651092290878296,0.034890782088041306
128,4,5,typical_B,0.006749523337930441,0.9932505488395691
128,4,5,boundary,0.8871409296989441,0.11285912245512009
128,4,6,special,0.8915444612503052,0.10845548659563065
128,4,6,special_perturbed,0.8909180164337158,0.10908205807209015
128,4,6,typical_A,0.974987268447876,0.025012807920575142
128,4,6,typical_B,0.006391078233718872,0.993608832359314
128,4,6,boundary,0.88741534948349,0.11258459091186523
128,4,7,special,0.8916133642196655,0.10838652402162552
128,4,7,special_perturbed,0.891015887260437,0.10898416489362717
128,4,7,typical_A,0.9847275614738464,0.015272450633347034
128,4,7,typical_B,0.006138612981885672,0.9938613176345825
128,4,7,boundary,0.8876631259918213,0.11233692616224289
128,4,8,special,0.8916653990745544,0.10833470523357391
128,4,8,special_perturbed,0.8910896182060242,0.10891041904687881
128,4,8,typical_A,0.9850338101387024,0.014966102316975594
128,4,8,typical_B,0.005951227154582739,0.9940488934516907
128,4,8,boundary,0.8878503441810608,0.11214965581893921
128,4,9,special,0.8917065858840942,0.10829337686300278
128,4,9,special_perturbed,0.8911546468734741,0.10884544998407364
128,4,9,typical_A,0.9852752089500427,0.014724703505635262
128,4,9,typical_B,0.005806654691696167,0.9941933751106262
128,4,9,boundary,0.8880366086959839,0.11196331679821014
128,4,10,special,0.8917397260665894,0.10826028883457184
128,4,10,special_perturbed,0.891206681728363,0.10879331082105637
128,4,10,typical_A,0.9854605197906494,0.01453944481909275
128,4,10,typical_B,0.005691760219633579,0.9943082332611084
128,4,10,boundary,0.8881869316101074,0.11181311309337616
356,1,1,special,0.8892974853515625,0.11070258170366287
356,1,1,special_perturbed,0.8882424235343933,0.11175759881734848
356,1,1,typical_A,0.9118192195892334,0.08818065375089645
356,1,1,typical_B,0.03551409766077995,0.9644859433174133
356,1,1,boundary,0.8826864957809448,0.11731357127428055
356,1,2,special,0.8906397223472595,0.10936020314693451
356,1,2,special_perturbed,0.8898913264274597,0.1101086437702179
356,1,2,typical_A,0.9510742425918579,0.048925772309303284
356,1,2,typical_B,0.019556056708097458,0.9804440140724182
356,1,2,boundary,0.8858789205551147,0.11412108689546585
356,1,3,special,0.891104519367218,0.10889552533626556
356,1,3,special_perturbed,0.8904669284820557,0.1095331460237503
356,1,3,typical_A,0.9542903900146484,0.04570944979786873
356,1,3,typical_B,0.01761806011199951,0.9823819994926453
356,1,3,boundary,0.8870097398757935,0.11299026757478714
356,1,4,special,0.8913401961326599,0.1086597740650177
356,1,4,special_perturbed,0.8907597661018372,0.10924018919467926
356,1,4,typical_A,0.9555948972702026,0.044405169785022736
356,1,4,typical_B,0.007335014641284943,0.9926650524139404
356,1,4,boundary,0.8875888586044312,0.11241111159324646
356,1,5,special,0.8914833664894104,0.10851673781871796
356,1,5,special_perturbed,0.8909486532211304,0.10905133187770844
356,1,5,typical_A,0.9563325643539429,0.043667472898960114
356,1,5,typical_B,0.006784918252378702,0.9932151436805725
356,1,5,boundary,0.8880072832107544,0.11199269443750381
356,1,6,special,0.8915793299674988,0.10842075198888779
356,1,6,special_perturbed,0.8910757303237915,0.10892428457736969
356,1,6,typical_A,0.9661199450492859,0.03388015553355217
356,1,6,typical_B,0.006425464525818825,0.9935744404792786
356,1,6,boundary,0.8882898092269897,0.11171020567417145
356,1,7,special,0.89164799451828,0.10835190117359161
356,1,7,special_perturbed,0.8911671042442322,0.10883299261331558
356,1,7,typical_A,0.9664404988288879,0.033559512346982956
356,1,7,typical_B,0.0061721475794911385,0.9938278198242188
356,1,7,boundary,0.8884932994842529,0.11150667071342468
356,1,8,special,0.8917000889778137,0.10829988121986389
356,1,8,special_perturbed,0.8912395238876343,0.10876060277223587
356,1,8,typical_A,0.9666785597801208,0.03332136943936348
356,1,8,typical_B,0.005983998533338308,0.9940160512924194
356,1,8,boundary,0.8886677622795105,0.11133229732513428
356,1,9,special,0.8917406797409058,0.10825932025909424
356,1,9,special_perturbed,0.8912959098815918,0.10870404541492462
356,1,9,typical_A,0.9668578505516052,0.03314214199781418
356,1,9,typical_B,0.005838728044182062,0.9941613078117371
356,1,9,boundary,0.8888041973114014,0.11119583249092102
356,1,10,special,0.8917732238769531,0.10822679102420807
356,1,10,special_perturbed,0.8913413286209106,0.10865866392850876
356,1,10,typical_A,0.9669976234436035,0.03300235792994499
356,1,10,typical_B,0.0057231709361076355,0.9942768216133118
356,1,10,boundary,0.8889139890670776,0.11108610779047012
356,2,1,special,0.8893142938613892,0.11068578064441681
356,2,1,special_perturbed,0.888395369052887,0.11160466820001602
356,2,1,typical_A,0.9187523722648621,0.08124759793281555
356,2,1,typical_B,0.03552020713686943,0.9644797444343567
356,2,1,boundary,0.8835141658782959,0.11648594588041306
356,2,2,special,0.8906649351119995,0.1093350201845169
356,2,2,special_perturbed,0.8899500370025635,0.11004998534917831
356,2,2,typical_A,0.9602572917938232,0.03974265605211258
356,2,2,typical_B,0.028809085488319397,0.9711909294128418
356,2,2,boundary,0.8860965371131897,0.11390338093042374
356,2,3,special,0.8911237716674805,0.1088762953877449
356,2,3,special_perturbed,0.8905095458030701,0.10949049890041351
356,2,3,typical_A,0.9727908968925476,0.027209045365452766
356,2,3,typical_B,0.01762232556939125,0.9823777675628662
356,2,3,boundary,0.8871631026268005,0.11283686757087708
356,2,4,special,0.8913556337356567,0.10864436626434326
356,2,4,special_perturbed,0.890799880027771,0.10920008271932602
356,2,4,typical_A,0.9742079377174377,0.02579212374985218
356,2,4,typical_B,0.016711179167032242,0.9832889437675476
356,2,4,boundary,0.8877477049827576,0.11225222051143646
356,2,5,special,0.8914960622787476,0.10850382596254349
356,2,5,special_perturbed,0.8909816741943359,0.1090182512998581
356,2,5,typical_A,0.9749824404716492,0.025017613545060158
356,2,5,typical_B,0.006786949001252651,0.9932130575180054
356,2,5,boundary,0.8881372213363647,0.11186278611421585
356,2,6,special,0.8915903568267822,0.10840967297554016
356,2,6,special_perturbed,0.8911038041114807,0.1088961660861969
356,2,6,typical_A,0.9754618406295776,0.0245381910353899
356,2,6,typical_B,0.006427139975130558,0.9935727715492249
356,2,6,boundary,0.8883996605873108,0.1116003468632698
356,2,7,special,0.8916577696800232,0.10834220051765442
356,2,7,special_perturbed,0.8911913633346558,0.10880853980779648
356,2,7,typical_A,0.975787878036499,0.024212120100855827
356,2,7,typical_B,0.0061735725030303,0.9938264489173889
356,2,7,boundary,0.8885884284973145,0.11141151934862137
356,2,8,special,0.8917087912559509,0.10829126834869385
356,2,8,special_perturbed,0.8912609219551086,0.1087389588356018
356,2,8,typical_A,0.9760298132896423,0.0239701084792614
356,2,8,typical_B,0.00598523486405611,0.9940147399902344
356,2,8,boundary,0.888751745223999,0.11124826222658157
356,2,9,special,0.8917484879493713,0.10825157910585403
356,2,9,special_perturbed,0.8913153409957886,0.10868465155363083
356,2,9,typical_A,0.9762123823165894,0.023787636309862137
356,2,9,typical_B,0.005839821416884661,0.9941601157188416
356,2,9,boundary,0.8888792991638184,0.11112059652805328
356,2,10,special,0.8917802572250366,0.10821977257728577
356,2,10,special_perturbed,0.8913588523864746,0.10864108055830002
356,2,10,typical_A,0.9763549566268921,0.023645121604204178
356,2,10,typical_B,0.005724160932004452,0.994275689125061
356,2,10,boundary,0.8889820575714111,0.11101800948381424
356,3,1,special,0.8706090450286865,0.12939101457595825
356,3,1,special_perturbed,0.8703581690788269,0.1296418309211731
356,3,1,typical_A,0.9468287229537964,0.05317124351859093
356,3,1,typical_B,0.053206127136945724,0.9467938542366028
356,3,1,boundary,0.8690100908279419,0.13098998367786407
356,3,2,special,0.8719804883003235,0.1280195713043213
356,3,2,special_perturbed,0.8717161417007446,0.12828390300273895
356,3,2,typical_A,0.9534249305725098,0.04657505080103874
356,3,2,typical_B,0.01956893689930439,0.980431079864502
356,3,2,boundary,0.8702965974807739,0.12970346212387085
356,3,3,special,0.8724208474159241,0.12757927179336548
356,3,3,special_perturbed,0.8721519708633423,0.12784793972969055
356,3,3,typical_A,0.9552860260009766,0.044714029878377914
356,3,3,typical_B,0.017626041546463966,0.9823740720748901
356,3,3,boundary,0.8707095384597778,0.12929043173789978
356,3,4,special,0.8726378679275513,0.12736210227012634
356,3,4,special_perturbed,0.8723670840263367,0.12763293087482452
356,3,4,typical_A,0.9561683535575867,0.04383165016770363
356,3,4,typical_B,0.007341085467487574,0.9926590323448181
356,3,4,boundary,0.8709133267402649,0.1290866583585739
356,3,5,special,0.8727672696113586,0.12723271548748016
356,3,5,special_perturbed,0.8724951148033142,0.1275048702955246
356,3,5,typical_A,0.956683874130249,0.04331620782613754
356,3,5,typical_B,0.006789718754589558,0.9932102560997009
356,3,5,boundary,0.8710346817970276,0.12896528840065002
356,3,6,special,0.8728531002998352,0.1271468698978424
356,3,6,special_perturbed,0.8725801110267639,0.1274198591709137
356,3,6,typical_A,0.9570218920707703,0.04297811910510063
356,3,6,typical_B,0.00642942963168025,0.9935705661773682
356,3,6,boundary,0.8711153268814087,0.1288847029209137
356,3,7,special,0.8729142546653748,0.12708571553230286
356,3,7,special_perturbed,0.8726406693458557,0.1273593157529831
356,3,7,typical_A,0.9572607278823853,0.042739249765872955
356,3,7,typical_B,0.006175528280436993,0.9938244223594666
356,3,7,boundary,0.8711726665496826,0.12882736325263977
356,3,8,special,0.8729599714279175,0.12703996896743774
356,3,8,special_perturbed,0.872685968875885,0.1273140162229538
356,3,8,typical_A,0.9574385285377502,0.04256150498986244
356,3,8,typical_B,0.005986938718706369,0.9940130710601807
356,3,8,boundary,0.8712156414985657,0.1287844032049179
356,3,9,special,0.8729956150054932,0.12700441479682922
356,3,9,special_perturbed,0.8727211356163025,0.12727884948253632
356,3,9,typical_A,0.9575758576393127,0.04242407903075218
356,3,9,typical_B,0.0058413296937942505,0.9941585659980774
356,3,9,boundary,0.8712490200996399,0.12875111401081085
356,3,10,special,0.8730239868164062,0.12697604298591614
356,3,10,special_perturbed,0.8727492094039917,0.12725073099136353
356,3,10,typical_A,0.9576852321624756,0.04231465235352516
356,3,10,typical_B,0.005725510884076357,0.9942744374275208
356,3,10,boundary,0.8712754845619202,0.12872450053691864
356,4,1,special,0.8800850510597229,0.1199149340391159
356,4,1,special_perturbed,0.8792744278907776,0.120725616812706
356,4,1,typical_A,0.937481701374054,0.06251820921897888
356,4,1,typical_B,0.035501573234796524,0.9644984006881714
356,4,1,boundary,0.8750309944152832,0.12496905028820038
356,4,2,special,0.881359338760376,0.11864066123962402
356,4,2,special_perturbed,0.880731999874115,0.11926806718111038
356,4,2,typical_A,0.9517302513122559,0.048269741237163544
356,4,2,typical_B,0.019560301676392555,0.9804397225379944
356,4,2,boundary,0.8774074912071228,0.12259257584810257
356,4,3,special,0.8817906379699707,0.1182093545794487
356,4,3,special_perturbed,0.8812462687492371,0.11875376105308533
356,4,3,typical_A,0.9545398950576782,0.04546007886528969
356,4,3,typical_B,0.01762085221707821,0.9823792576789856
356,4,3,boundary,0.8783376812934875,0.12166236340999603
356,4,4,special,0.8820083141326904,0.11799168586730957
356,4,4,special_perturbed,0.8815134167671204,0.11848655343055725
356,4,4,typical_A,0.9557427167892456,0.04425737261772156
356,4,4,typical_B,0.044766150414943695,0.9552338719367981
356,4,4,boundary,0.8788531422615051,0.12114689499139786
356,4,5,special,0.8821399211883545,0.11786013841629028
356,4,5,special_perturbed,0.8816807270050049,0.11831922084093094
356,4,5,typical_A,0.9657275080680847,0.03427261486649513
356,4,5,typical_B,0.07239429652690887,0.9276056289672852
356,4,5,boundary,0.8791996240615845,0.12080039083957672
356,4,6,special,0.8822280168533325,0.11777198314666748
356,4,6,special_perturbed,0.8817929625511169,0.11820690333843231
356,4,6,typical_A,0.9661648869514465,0.033835187554359436
356,4,6,typical_B,0.08147650957107544,0.9185234904289246
356,4,6,boundary,0.879432737827301,0.12056715786457062
356,4,7,special,0.8822911977767944,0.11770877242088318
356,4,7,special_perturbed,0.8818736672401428,0.11812631785869598
356,4,7,typical_A,0.9664641618728638,0.033535782247781754
356,4,7,typical_B,0.08133600652217865,0.9186639189720154
356,4,7,boundary,0.8796005845069885,0.12039942294359207
356,4,8,special,0.8823387622833252,0.11766126751899719
356,4,8,special_perturbed,0.8819342851638794,0.11806564778089523
356,4,8,typical_A,0.9666820168495178,0.033317968249320984
356,4,8,typical_B,0.08116872608661652,0.9188312888145447
356,4,8,boundary,0.8797270059585571,0.12027303129434586
356,4,9,special,0.8823756575584412,0.11762423068284988
356,4,9,special_perturbed,0.8819817304611206,0.11801836639642715
356,4,9,typical_A,0.9668475985527039,0.03315237537026405
356,4,9,typical_B,0.09058855473995209,0.9094114303588867
356,4,9,boundary,0.8798255920410156,0.1201743632555008
356,4,10,special,0.8824054598808289,0.11759456247091293
356,4,10,special_perturbed,0.8820196390151978,0.11798045039176941
356,4,10,typical_A,0.9669778347015381,0.03302222862839699
356,4,10,typical_B,0.09045872837305069,0.9095413088798523
356,4,10,boundary,0.8799048662185669,0.12009519338607788
