seed,epoch,block,concept,fan_size,fact,prob
1,1,1,c1,1,f1,0.4829951226711273
1,1,1,c2,2,f2,0.5505741834640503
1,1,1,c2,2,f3,0.17904800176620483
1,1,1,c3,4,f4,0.2931676208972931
1,1,1,c3,4,f5,0.16201052069664001
1,1,1,c3,4,f6,0.2947944700717926
1,1,1,c3,4,f7,0.07590979337692261
1,1,2,c1,1,f1,0.5141463279724121
1,1,2,c2,2,f2,0.8008357882499695
1,1,2,c2,2,f3,0.06694195419549942
1,1,2,c3,4,f4,0.2721707224845886
1,1,2,c3,4,f5,0.08297694474458694
1,1,2,c3,4,f6,0.3689683973789215
1,1,2,c3,4,f7,0.08297694474458694
1,1,3,c1,1,f1,0.5242716670036316
1,1,3,c2,2,f2,0.8407321572303772
1,1,3,c2,2,f3,0.06128667667508125
1,1,3,c3,4,f4,0.13248208165168762
1,1,3,c3,4,f5,0.09965650737285614
1,1,3,c3,4,f6,0.42604243755340576
1,1,3,c3,4,f7,0.09965650737285614
1,1,4,c1,1,f1,0.5293257832527161
1,1,4,c2,2,f2,0.8806246519088745
1,1,4,c2,2,f3,0.0551581010222435
1,1,4,c3,4,f4,0.13249421119689941
1,1,4,c3,4,f5,0.09915275871753693
1,1,4,c3,4,f6,0.4289562702178955
1,1,4,c3,4,f7,0.09915275871753693
1,1,5,c1,1,f1,0.5323453545570374
1,1,5,c2,2,f2,0.8906428217887878
1,1,5,c2,2,f3,0.053808677941560745
1,1,5,c3,4,f4,0.13250809907913208
1,1,5,c3,4,f5,0.09884541481733322
1,1,5,c3,4,f6,0.4307325780391693
1,1,5,c3,4,f7,0.09884541481733322
1,1,6,c1,1,f1,0.5343778133392334
1,1,6,c2,2,f2,0.8970317244529724
1,1,6,c2,2,f3,0.05296079069375992
1,1,6,c3,4,f4,0.13251954317092896
1,1,6,c3,4,f5,0.09863890707492828
1,1,6,c3,4,f6,0.4319242238998413
1,1,6,c3,4,f7,0.09863890707492828
1,1,7,c1,1,f1,0.5358244776725769
1,1,7,c2,2,f2,0.9014660120010376
1,1,7,c2,2,f3,0.05237840861082077
1,1,7,c3,4,f4,0.13252811133861542
1,1,7,c3,4,f5,0.09849131107330322
1,1,7,c3,4,f6,0.43277397751808167
1,1,7,c3,4,f7,0.09849131107330322
1,1,8,c1,1,f1,0.5369048714637756
1,1,8,c2,2,f2,0.9047253131866455
1,1,8,c2,2,f3,0.05195363238453865
1,1,8,c3,4,f4,0.13253428041934967
1,1,8,c3,4,f5,0.09838104993104935
1,1,8,c3,4,f6,0.4334070384502411
1,1,8,c3,4,f7,0.09838104993104935
1,1,9,c1,1,f1,0.537743866443634
1,1,9,c2,2,f2,0.9072228074073792
1,1,9,c2,2,f3,0.05163009092211723
1,1,9,c3,4,f4,0.13253867626190186
1,1,9,c3,4,f5,0.09829577058553696
1,1,9,c3,4,f6,0.43389490246772766
1,1,9,c3,4,f7,0.09829577058553696
1,1,10,c1,1,f1,0.5384149551391602
1,1,10,c2,2,f2,0.9091979265213013
1,1,10,c2,2,f3,0.051375433802604675
1,1,10,c3,4,f4,0.13254337012767792
1,1,10,c3,4,f5,0.0982264056801796
1,1,10,c3,4,f6,0.43429329991340637
1,1,10,c3,4,f7,0.0982264056801796
1,1,11,c1,1,f1,0.5389620661735535
1,1,11,c2,2,f2,0.9107992649078369
1,1,11,c2,2,f3,0.05116977170109749
1,1,11,c3,4,f4,0.13254867494106293
1,1,11,c3,4,f5,0.09816829860210419
1,1,11,c3,4,f6,0.43462899327278137
1,1,11,c3,4,f7,0.09816829860210419
1,1,12,c1,1,f1,0.5394165515899658
1,1,12,c2,2,f2,0.9121236801147461
1,1,12,c2,2,f3,0.05100018158555031
1,1,12,c3,4,f4,0.13255318999290466
1,1,12,c3,4,f5,0.0981198102235794
1,1,12,c3,4,f6,0.43490901589393616
1,1,12,c3,4,f7,0.0981198102235794
1,2,1,c1,1,f1,0.3176720440387726
1,2,1,c2,2,f2,0.5742018818855286
1,2,1,c2,2,f3,0.1263761669397354
1,2,1,c3,4,f4,0.2212124764919281
1,2,1,c3,4,f5,0.164497971534729
1,2,1,c3,4,f6,0.352037250995636
1,2,1,c3,4,f7,0.07888972759246826
1,2,2,c1,1,f1,0.31613674759864807
1,2,2,c2,2,f2,0.7818933725357056
1,2,2,c2,2,f3,0.07007107883691788
1,2,2,c3,4,f4,0.1288619190454483
1,2,2,c3,4,f5,0.09712451696395874
1,2,2,c3,4,f6,0.4413423240184784
1,2,2,c3,4,f7,0.09712451696395874
1,2,3,c1,1,f1,0.31645625829696655
1,2,3,c2,2,f2,0.818804919719696
1,2,3,c2,2,f3,0.06492433696985245
1,2,3,c3,4,f4,0.12870073318481445
1,2,3,c3,4,f5,0.0959530621767044
1,2,3,c3,4,f6,0.44820621609687805
1,2,3,c3,4,f7,0.0959530621767044
1,2,4,c1,1,f1,0.31662070751190186
1,2,4,c2,2,f2,0.857693076133728
1,2,4,c2,2,f3,0.058967769145965576
1,2,4,c3,4,f4,0.12864062190055847
1,2,4,c3,4,f5,0.09535423666238785
1,2,4,c3,4,f6,0.45170801877975464
1,2,4,c3,4,f7,0.09535423666238785
1,2,5,c1,1,f1,0.3167284429073334
1,2,5,c2,2,f2,0.8671733140945435
1,2,5,c2,2,f3,0.05771074816584587
1,2,5,c3,4,f4,0.1286107748746872
1,2,5,c3,4,f5,0.09499124437570572
1,2,5,c3,4,f6,0.4538270831108093
1,2,5,c3,4,f7,0.09499124437570572
1,2,6,c1,1,f1,0.31680136919021606
1,2,6,c2,2,f2,0.8732393383979797
1,2,6,c2,2,f3,0.056918442249298096
1,2,6,c3,4,f4,0.1285930722951889
1,2,6,c3,4,f5,0.09474832564592361
1,2,6,c3,4,f6,0.4552425742149353
1,2,6,c3,4,f7,0.09474832564592361
1,2,7,c1,1,f1,0.3168538808822632
1,2,7,c2,2,f2,0.8774581551551819
1,2,7,c2,2,f3,0.056373242288827896
1,2,7,c3,4,f4,0.12858101725578308
1,2,7,c3,4,f5,0.0945751741528511
1,2,7,c3,4,f6,0.45624929666519165
1,2,7,c3,4,f7,0.0945751741528511
1,2,8,c1,1,f1,0.3168955147266388
1,2,8,c2,2,f2,0.8805635571479797
1,2,8,c2,2,f3,0.05597503110766411
1,2,8,c3,4,f4,0.1285720020532608
1,2,8,c3,4,f5,0.09444601088762283
1,2,8,c3,4,f6,0.456998348236084
1,2,8,c3,4,f7,0.09444601088762283
1,2,9,c1,1,f1,0.31692802906036377
1,2,9,c2,2,f2,0.8829456567764282
1,2,9,c2,2,f3,0.05567143112421036
1,2,9,c3,4,f4,0.12856492400169373
1,2,9,c3,4,f5,0.0943460613489151
1,2,9,c3,4,f6,0.4575764834880829
1,2,9,c3,4,f7,0.0943460613489151
1,2,10,c1,1,f1,0.31695419549942017
1,2,10,c2,2,f2,0.8848309516906738
1,2,10,c2,2,f3,0.055432286113500595
1,2,10,c3,4,f4,0.1285613626241684
1,2,10,c3,4,f5,0.09426303207874298
1,2,10,c3,4,f6,0.4580608010292053
1,2,10,c3,4,f7,0.09426303207874298
1,2,11,c1,1,f1,0.31697550415992737
1,2,11,c2,2,f2,0.9107993245124817
1,2,11,c2,2,f3,0.05116568133234978
1,2,11,c3,4,f4,0.12855863571166992
1,2,11,c3,4,f5,0.09419500082731247
1,2,11,c3,4,f6,0.45845717191696167
1,2,11,c3,4,f7,0.09419500082731247
1,2,12,c1,1,f1,0.3169933259487152
1,2,12,c2,2,f2,0.9121239185333252
1,2,12,c2,2,f3,0.05099644884467125
1,2,12,c3,4,f4,0.12855641543865204
1,2,12,c3,4,f5,0.09413831681013107
1,2,12,c3,4,f6,0.4587874412536621
1,2,12,c3,4,f7,0.09413831681013107
1,3,1,c1,1,f1,0.5129761099815369
1,3,1,c2,2,f2,0.5842547416687012
1,3,1,c2,2,f3,0.10021968185901642
1,3,1,c3,4,f4,0.13065987825393677
1,3,1,c3,4,f5,0.10225816071033478
1,3,1,c3,4,f6,0.4988044500350952
1,3,1,c3,4,f7,0.10207327455282211
1,3,2,c1,1,f1,0.5564426183700562
1,3,2,c2,2,f2,0.7818523645401001
1,3,2,c2,2,f3,0.07005589455366135
1,3,2,c3,4,f4,0.06009044498205185
1,3,2,c3,4,f5,0.10851427167654037
1,3,2,c3,4,f6,0.5969318151473999
1,3,2,c3,4,f7,0.06009044498205185
1,3,3,c1,1,f1,0.5696451663970947
1,3,3,c2,2,f2,0.818778395652771
1,3,3,c2,2,f3,0.06491590291261673
1,3,3,c3,4,f4,0.05712246894836426
1,3,3,c3,4,f5,0.10683824867010117
1,3,3,c3,4,f6,0.613494873046875
1,3,3,c3,4,f7,0.05712246894836426
1,3,4,c1,1,f1,0.5760653018951416
1,3,4,c2,2,f2,0.8347200751304626
1,3,4,c2,2,f3,0.06278776377439499
1,3,4,c3,4,f4,0.05569276958703995
1,3,4,c3,4,f5,0.10608437657356262
1,3,4,c3,4,f6,0.6214213371276855
1,3,4,c3,4,f7,0.05569276958703995
1,3,5,c1,1,f1,0.5799140334129333
1,3,5,c2,2,f2,0.843673825263977
1,3,5,c2,2,f3,0.06162026897072792
1,3,5,c3,4,f4,0.054853908717632294
1,3,5,c3,4,f5,0.10565757006406784
1,3,5,c3,4,f6,0.6260566115379333
1,3,5,c3,4,f7,0.054853908717632294
1,3,6,c1,1,f1,0.5824556350708008
1,3,6,c2,2,f2,0.8732218146324158
1,3,6,c2,2,f3,0.05691525340080261
1,3,6,c3,4,f4,0.05430440604686737
1,3,6,c3,4,f5,0.10538369417190552
1,3,6,c3,4,f6,0.629086971282959
1,3,6,c3,4,f7,0.05430440604686737
1,3,7,c1,1,f1,0.5842581391334534
1,3,7,c2,2,f2,0.8774389028549194
1,3,7,c2,2,f3,0.056370992213487625
1,3,7,c3,4,f4,0.05390677973628044
1,3,7,c3,4,f5,0.10519156605005264
1,3,7,c3,4,f6,0.6312747001647949
1,3,7,c3,4,f7,0.05390677973628044
1,3,8,c1,1,f1,0.5856011509895325
1,3,8,c2,2,f2,0.8805429935455322
1,3,8,c2,2,f3,0.055973514914512634
1,3,8,c3,4,f4,0.05360998958349228
1,3,8,c3,4,f5,0.10505006462335587
1,3,8,c3,4,f6,0.6329054832458496
1,3,8,c3,4,f7,0.05360998958349228
1,3,9,c1,1,f1,0.5866448879241943
1,3,9,c2,2,f2,0.8829239010810852
1,3,9,c2,2,f3,0.055670469999313354
1,3,9,c3,4,f4,0.053380053490400314
1,3,9,c3,4,f5,0.1049414724111557
1,3,9,c3,4,f6,0.6341680884361267
1,3,9,c3,4,f7,0.053380053490400314
1,3,10,c1,1,f1,0.5874761939048767
1,3,10,c2,2,f2,0.8848083019256592
1,3,10,c2,2,f3,0.05543176829814911
1,3,10,c3,4,f4,0.053196631371974945
1,3,10,c3,4,f5,0.10485560446977615
1,3,10,c3,4,f6,0.6351743936538696
1,3,10,c3,4,f7,0.053196631371974945
1,3,11,c1,1,f1,0.5881536602973938
1,3,11,c2,2,f2,0.8863370418548584
1,3,11,c2,2,f3,0.05523889511823654
1,3,11,c3,4,f4,0.05304696038365364
1,3,11,c3,4,f5,0.10478594899177551
1,3,11,c3,4,f6,0.6359952092170715
1,3,11,c3,4,f7,0.05304696038365364
1,3,12,c1,1,f1,0.588715672492981
1,3,12,c2,2,f2,0.8876021504402161
1,3,12,c2,2,f3,0.05507977679371834
1,3,12,c3,4,f4,0.0529220774769783
1,3,12,c3,4,f5,0.10472826659679413
1,3,12,c3,4,f6,0.6366796493530273
1,3,12,c3,4,f7,0.0529220774769783
1,4,1,c1,1,f1,0.4214106500148773
1,4,1,c2,2,f2,0.5503979921340942
1,4,1,c2,2,f3,0.17881080508232117
1,4,1,c3,4,f4,0.28205806016921997
1,4,1,c3,4,f5,0.13719193637371063
1,4,1,c3,4,f6,0.2901465594768524
1,4,1,c3,4,f7,0.10667186975479126
1,4,2,c1,1,f1,0.4270162284374237
1,4,2,c2,2,f2,0.8008452653884888
1,4,2,c2,2,f3,0.06691019237041473
1,4,2,c3,4,f4,0.10157863050699234
1,4,2,c3,4,f5,0.13252946734428406
1,4,2,c3,4,f6,0.38849934935569763
1,4,2,c3,4,f7,0.131520614027977
1,4,3,c1,1,f1,0.43226897716522217
1,4,3,c2,2,f2,0.8407557010650635
1,4,3,c2,2,f3,0.06126604229211807
1,4,3,c3,4,f4,0.10404857248067856
1,4,3,c3,4,f5,0.10351485013961792
1,4,3,c3,4,f6,0.4035143256187439
1,4,3,c3,4,f7,0.13553723692893982
1,4,4,c1,1,f1,0.434974730014801
1,4,4,c2,2,f2,0.8577321171760559
1,4,4,c2,2,f3,0.0589626170694828
1,4,4,c3,4,f4,0.10347571969032288
1,4,4,c3,4,f5,0.10306666046380997
1,4,4,c3,4,f6,0.405943363904953
1,4,4,c3,4,f7,0.13579189777374268
1,4,5,c1,1,f1,0.43662387132644653
1,4,5,c2,2,f2,0.8672113418579102
1,4,5,c2,2,f3,0.05770603567361832
1,4,5,c3,4,f4,0.10312306880950928
1,4,5,c3,4,f5,0.10279140621423721
1,4,5,c3,4,f6,0.40743309259414673
1,4,5,c3,4,f7,0.1359565705060959
1,4,6,c1,1,f1,0.43773841857910156
1,4,6,c2,2,f2,0.897063672542572
1,4,6,c2,2,f3,0.05294913798570633
1,4,6,c3,4,f4,0.10288440436124802
1,4,6,c3,4,f5,0.10260552167892456
1,4,6,c3,4,f6,0.40843725204467773
1,4,6,c3,4,f7,0.13607092201709747
1,4,7,c1,1,f1,0.4385512173175812
1,4,7,c2,2,f2,0.9014981389045715
1,4,7,c2,2,f3,0.05236804857850075
1,4,7,c3,4,f4,0.10271306335926056
1,4,7,c3,4,f5,0.1024724692106247
1,4,7,c3,4,f6,0.40915289521217346
1,4,7,c3,4,f7,0.1361534148454666
1,4,8,c1,1,f1,0.4391613006591797
1,4,8,c2,2,f2,0.9289112091064453
1,4,8,c2,2,f3,0.04791838675737381
1,4,8,c3,4,f4,0.10258413851261139
1,4,8,c3,4,f5,0.10237262398004532
1,4,8,c3,4,f6,0.40968799591064453
1,4,8,c3,4,f7,0.13621559739112854
1,4,9,c1,1,f1,0.4396359622478485
1,4,9,c2,2,f2,0.9315258860588074
1,4,9,c2,2,f3,0.047575969249010086
1,4,9,c3,4,f4,0.10248392820358276
1,4,9,c3,4,f5,0.10229521244764328
1,4,9,c3,4,f6,0.41010090708732605
1,4,9,c3,4,f7,0.13626371324062347
1,4,10,c1,1,f1,0.4400148391723633
1,4,10,c2,2,f2,0.9335921406745911
1,4,10,c2,2,f3,0.04730663821101189
1,4,10,c3,4,f4,0.10240393131971359
1,4,10,c3,4,f5,0.10223360359668732
1,4,10,c3,4,f6,0.41042789816856384
1,4,10,c3,4,f7,0.13630178570747375
1,4,11,c1,1,f1,0.44032391905784607
1,4,11,c2,2,f2,0.9352660775184631
1,4,11,c2,2,f3,0.047089263796806335
1,4,11,c3,4,f4,0.10233628004789352
1,4,11,c3,4,f5,0.10218103229999542
1,4,11,c3,4,f6,0.41071197390556335
1,4,11,c3,4,f7,0.13633647561073303
1,4,12,c1,1,f1,0.4405832588672638
1,4,12,c2,2,f2,0.9366501569747925
1,4,12,c2,2,f3,0.0469101257622242
1,4,12,c3,4,f4,0.10227975249290466
1,4,12,c3,4,f5,0.10213712602853775
1,4,12,c3,4,f6,0.41094887256622314
1,4,12,c3,4,f7,0.13636551797389984
32,1,1,c1,1,f1,0.5790162086486816
32,1,1,c2,2,f2,0.5370568633079529
32,1,1,c2,2,f3,0.21084046363830566
32,1,1,c3,4,f4,0.07937194406986237
32,1,1,c3,4,f5,0.07938270270824432
32,1,1,c3,4,f6,0.5761879682540894
32,1,1,c3,4,f7,0.07938270270824432
32,1,2,c1,1,f1,0.8535412549972534
32,1,2,c2,2,f2,0.7008686065673828
32,1,2,c2,2,f3,0.192152202129364
32,1,2,c3,4,f4,0.03796149790287018
32,1,2,c3,4,f5,0.0379728227853775
32,1,2,c3,4,f6,0.827203631401062
32,1,2,c3,4,f7,0.0379728227853775
32,1,3,c1,1,f1,0.9036958813667297
32,1,3,c2,2,f2,0.7316813468933105
32,1,3,c2,2,f3,0.19198323786258698
32,1,3,c3,4,f4,0.030516088008880615
32,1,3,c3,4,f5,0.03052760474383831
32,1,3,c3,4,f6,0.8727830648422241
32,1,3,c3,4,f7,0.03052760474383831
32,1,4,c1,1,f1,0.9468047022819519
32,1,4,c2,2,f2,0.7453149557113647
32,1,4,c2,2,f3,0.1922505497932434
32,1,4,c3,4,f4,0.027462445199489594
32,1,4,c3,4,f5,0.02747405879199505
32,1,4,c3,4,f6,0.8915669322013855
32,1,4,c3,4,f7,0.02747405879199505
32,1,5,c1,1,f1,0.9584487080574036
32,1,5,c2,2,f2,0.7530477046966553
32,1,5,c2,2,f3,0.1925048828125
32,1,5,c3,4,f4,0.02578173577785492
32,1,5,c3,4,f5,0.025793416425585747
32,1,5,c3,4,f6,0.9019314646720886
32,1,5,c3,4,f7,0.025793416425585747
32,1,6,c1,1,f1,0.9657893776893616
32,1,6,c2,2,f2,0.7580373883247375
32,1,6,c2,2,f3,0.19271034002304077
32,1,6,c3,4,f4,0.024714786559343338
32,1,6,c3,4,f5,0.024726510047912598
32,1,6,c3,4,f6,0.9085212349891663
32,1,6,c3,4,f7,0.024726510047912598
32,1,7,c1,1,f1,0.9708476662635803
32,1,7,c2,2,f2,0.7615261077880859
32,1,7,c2,2,f3,0.1928737908601761
32,1,7,c3,4,f4,0.023976435884833336
32,1,7,c3,4,f5,0.023988179862499237
32,1,7,c3,4,f6,0.9130864143371582
32,1,7,c3,4,f7,0.023988179862499237
32,1,8,c1,1,f1,0.9745475649833679
32,1,8,c2,2,f2,0.7641037106513977
32,1,8,c2,2,f3,0.19300530850887299
32,1,8,c3,4,f4,0.023434821516275406
32,1,8,c3,4,f5,0.023446597158908844
32,1,8,c3,4,f6,0.9164378046989441
32,1,8,c3,4,f7,0.023446597158908844
32,1,9,c1,1,f1,0.9773722290992737
32,1,9,c2,2,f2,0.7660858631134033
32,1,9,c2,2,f3,0.19311268627643585
32,1,9,c3,4,f4,0.023020435124635696
32,1,9,c3,4,f5,0.023032227531075478
32,1,9,c3,4,f6,0.919003427028656
32,1,9,c3,4,f7,0.023032227531075478
32,1,10,c1,1,f1,0.9796000123023987
32,1,10,c2,2,f2,0.7676580548286438
32,1,10,c2,2,f3,0.19320178031921387
32,1,10,c3,4,f4,0.022693093866109848
32,1,10,c3,4,f5,0.022704889997839928
32,1,10,c3,4,f6,0.9210309982299805
32,1,10,c3,4,f7,0.022704889997839928
32,1,11,c1,1,f1,0.9814022183418274
32,1,11,c2,2,f2,0.7689355611801147
32,1,11,c2,2,f3,0.19327664375305176
32,1,11,c3,4,f4,0.02242795191705227
32,1,11,c3,4,f5,0.022439762949943542
32,1,11,c3,4,f6,0.9226739406585693
32,1,11,c3,4,f7,0.022439762949943542
32,1,12,c1,1,f1,0.9828904271125793
32,1,12,c2,2,f2,0.7699941396713257
32,1,12,c2,2,f3,0.1933405101299286
32,1,12,c3,4,f4,0.022208793088793755
32,1,12,c3,4,f5,0.022220617160201073
32,1,12,c3,4,f6,0.9240323305130005
32,1,12,c3,4,f7,0.022220617160201073
32,2,1,c1,1,f1,0.36647677421569824
32,2,1,c2,2,f2,0.4877587854862213
32,2,1,c2,2,f3,0.2887744605541229
32,2,1,c3,4,f4,0.07935165613889694
32,2,1,c3,4,f5,0.07936237752437592
32,2,1,c3,4,f6,0.5759733319282532
32,2,1,c3,4,f7,0.07936237752437592
32,2,2,c1,1,f1,0.3613334596157074
32,2,2,c2,2,f2,0.6095632314682007
32,2,2,c2,2,f3,0.28785794973373413
32,2,2,c3,4,f4,0.0409112349152565
32,2,2,c3,4,f5,0.040922533720731735
32,2,2,c3,4,f6,0.8094377517700195
32,2,2,c3,4,f7,0.040922533720731735
32,2,3,c1,1,f1,0.3632521629333496
32,2,3,c2,2,f2,0.6328884363174438
32,2,3,c2,2,f3,0.2923782169818878
32,2,3,c3,4,f4,0.03403691574931145
32,2,3,c3,4,f5,0.034048423171043396
32,2,3,c3,4,f6,0.8516159057617188
32,2,3,c3,4,f7,0.034048423171043396
32,2,4,c1,1,f1,0.3643855154514313
32,2,4,c2,2,f2,0.6435713171958923
32,2,4,c2,2,f3,0.2948167324066162
32,2,4,c3,4,f4,0.031169407069683075
32,2,4,c3,4,f5,0.031181007623672485
32,2,4,c3,4,f6,0.869295060634613
32,2,4,c3,4,f7,0.031181007623672485
32,2,5,c1,1,f1,0.3651059567928314
32,2,5,c2,2,f2,0.649721086025238
32,2,5,c2,2,f3,0.2963298559188843
32,2,5,c3,4,f4,0.025772979483008385
32,2,5,c3,4,f5,0.025784652680158615
32,2,5,c3,4,f6,0.9019582867622375
32,2,5,c3,4,f7,0.025784652680158615
32,2,6,c1,1,f1,0.3655869662761688
32,2,6,c2,2,f2,0.6537227630615234
32,2,6,c2,2,f3,0.29735812544822693
32,2,6,c3,4,f4,0.024707579985260963
32,2,6,c3,4,f5,0.024719296023249626
32,2,6,c3,4,f6,0.9085432887077332
32,2,6,c3,4,f7,0.024719296023249626
32,2,7,c1,1,f1,0.3659284710884094
32,2,7,c2,2,f2,0.656535804271698
32,2,7,c2,2,f3,0.29810187220573425
32,2,7,c3,4,f4,0.023970315232872963
32,2,7,c3,4,f5,0.023982057347893715
32,2,7,c3,4,f6,0.9131053686141968
32,2,7,c3,4,f7,0.023982057347893715
32,2,8,c1,1,f1,0.3661814033985138
32,2,8,c2,2,f2,0.6586220264434814
32,2,8,c2,2,f3,0.2986644506454468
32,2,8,c3,4,f4,0.023429498076438904
32,2,8,c3,4,f5,0.023441262543201447
32,2,8,c3,4,f6,0.9164541959762573
32,2,8,c3,4,f7,0.023441262543201447
32,2,9,c1,1,f1,0.36637601256370544
32,2,9,c2,2,f2,0.6602306962013245
32,2,9,c2,2,f3,0.2991050183773041
32,2,9,c3,4,f4,0.02301572635769844
32,2,9,c3,4,f5,0.023027516901493073
32,2,9,c3,4,f6,0.9190179109573364
32,2,9,c3,4,f7,0.023027516901493073
32,2,10,c1,1,f1,0.3665291666984558
32,2,10,c2,2,f2,0.6615093946456909
32,2,10,c2,2,f3,0.29945918917655945
32,2,10,c3,4,f4,0.022688860073685646
32,2,10,c3,4,f5,0.02270066738128662
32,2,10,c3,4,f6,0.9210440516471863
32,2,10,c3,4,f7,0.02270066738128662
32,2,11,c1,1,f1,0.3666514754295349
32,2,11,c2,2,f2,0.6625502705574036
32,2,11,c2,2,f3,0.29975008964538574
32,2,11,c3,4,f4,0.022424129769206047
32,2,11,c3,4,f5,0.022435937076807022
32,2,11,c3,4,f6,0.9226856827735901
32,2,11,c3,4,f7,0.022435937076807022
32,2,12,c1,1,f1,0.3667507767677307
32,2,12,c2,2,f2,0.6634137630462646
32,2,12,c2,2,f3,0.29999345541000366
32,2,12,c3,4,f4,0.022205306217074394
32,2,12,c3,4,f5,0.022217122837901115
32,2,12,c3,4,f6,0.9240431785583496
32,2,12,c3,4,f7,0.022217122837901115
32,3,1,c1,1,f1,0.5945125818252563
32,3,1,c2,2,f2,0.5061008930206299
32,3,1,c2,2,f3,0.21642924845218658
32,3,1,c3,4,f4,0.06676352024078369
32,3,1,c3,4,f5,0.06676352024078369
32,3,1,c3,4,f6,0.5903805494308472
32,3,1,c3,4,f7,0.0814625546336174
32,3,2,c1,1,f1,0.8570742607116699
32,3,2,c2,2,f2,0.6611284017562866
32,3,2,c2,2,f3,0.19873470067977905
32,3,2,c3,4,f4,0.025370024144649506
32,3,2,c3,4,f5,0.025370024144649506
32,3,2,c3,4,f6,0.8375780582427979
32,3,2,c3,4,f7,0.04133736342191696
32,3,3,c1,1,f1,0.9046865701675415
32,3,3,c2,2,f2,0.6872957348823547
32,3,3,c2,2,f3,0.1993483006954193
32,3,3,c3,4,f4,0.014198821038007736
32,3,3,c3,4,f5,0.014198821038007736
32,3,3,c3,4,f6,0.9042003154754639
32,3,3,c3,4,f7,0.030608685687184334
32,3,4,c1,1,f1,0.9473517537117004
32,3,4,c2,2,f2,0.7222400307655334
32,3,4,c2,2,f3,0.1960669308900833
32,3,4,c3,4,f4,0.010848265141248703
32,3,4,c3,4,f5,0.010848265141248703
32,3,4,c3,4,f6,0.9240982532501221
32,3,4,c3,4,f7,0.027482951059937477
32,3,5,c1,1,f1,0.9587438106536865
32,3,5,c2,2,f2,0.7530446648597717
32,3,5,c2,2,f3,0.19247041642665863
32,3,5,c3,4,f4,0.009010199457406998
32,3,5,c3,4,f5,0.009010199457406998
32,3,5,c3,4,f6,0.9350023865699768
32,3,5,c3,4,f7,0.025780655443668365
32,3,6,c1,1,f1,0.9659640192985535
32,3,6,c2,2,f2,0.7580364942550659
32,3,6,c2,2,f3,0.19268040359020233
32,3,6,c3,4,f4,0.007845006883144379
32,3,6,c3,4,f5,0.007845006883144379
32,3,6,c3,4,f6,0.9419102668762207
32,3,6,c3,4,f7,0.024706346914172173
32,3,7,c1,1,f1,0.9709564447402954
32,3,7,c2,2,f2,0.7615264654159546
32,3,7,c2,2,f3,0.19284747540950775
32,3,7,c3,4,f4,0.007039263378828764
32,3,7,c3,4,f5,0.007039263378828764
32,3,7,c3,4,f6,0.9466851949691772
32,3,7,c3,4,f7,0.023965708911418915
32,3,8,c1,1,f1,0.9746168851852417
32,3,8,c2,2,f2,0.7641045451164246
32,3,8,c2,2,f3,0.1929818093776703
32,3,8,c3,4,f4,0.0064484779722988605
32,3,8,c3,4,f5,0.0064484779722988605
32,3,8,c3,4,f6,0.9501851797103882
32,3,8,c3,4,f7,0.02342386543750763
32,3,9,c1,1,f1,0.9774165749549866
32,3,9,c2,2,f2,0.7660872936248779
32,3,9,c2,2,f3,0.193091481924057
32,3,9,c3,4,f4,0.005996596999466419
32,3,9,c3,4,f5,0.005996596999466419
32,3,9,c3,4,f6,0.9528616070747375
32,3,9,c3,4,f7,0.02301010489463806
32,3,10,c1,1,f1,0.9796278476715088
32,3,10,c2,2,f2,0.7676594853401184
32,3,10,c2,2,f3,0.19318245351314545
32,3,10,c3,4,f4,0.005639712791889906
32,3,10,c3,4,f5,0.005639712791889906
32,3,10,c3,4,f6,0.954974889755249
32,3,10,c3,4,f7,0.022683752700686455
32,3,11,c1,1,f1,0.9814186096191406
32,3,11,c2,2,f2,0.7689370512962341
32,3,11,c2,2,f3,0.19325906038284302
32,3,11,c3,4,f4,0.005350679159164429
32,3,11,c3,4,f5,0.005350679159164429
32,3,11,c3,4,f6,0.95668625831604
32,3,11,c3,4,f7,0.022419733926653862
32,3,12,c1,1,f1,0.9828987121582031
32,3,12,c2,2,f2,0.7699956297874451
32,3,12,c2,2,f3,0.19332420825958252
32,3,12,c3,4,f4,0.005111804697662592
32,3,12,c3,4,f5,0.005111804697662592
32,3,12,c3,4,f6,0.9581003785133362
32,3,12,c3,4,f7,0.022201713174581528
32,4,1,c1,1,f1,0.582032322883606
32,4,1,c2,2,f2,0.5603443384170532
32,4,1,c2,2,f3,0.15296325087547302
32,4,1,c3,4,f4,0.06674697995185852
32,4,1,c3,4,f5,0.06674697995185852
32,4,1,c3,4,f6,0.5894708037376404
32,4,1,c3,4,f7,0.08235935866832733
32,4,2,c1,1,f1,0.853573739528656
32,4,2,c2,2,f2,0.7820516228675842
32,4,2,c2,2,f3,0.07015077024698257
32,4,2,c3,4,f4,0.025361359119415283
32,4,2,c3,4,f5,0.025361359119415283
32,4,2,c3,4,f6,0.8371182680130005
32,4,2,c3,4,f7,0.0417981892824173
32,4,3,c1,1,f1,0.9037033319473267
32,4,3,c2,2,f2,0.7318882942199707
32,4,3,c2,2,f3,0.19179561734199524
32,4,3,c3,4,f4,0.017707737162709236
32,4,3,c3,4,f5,0.017707737162709236
32,4,3,c3,4,f6,0.8828048706054688
32,4,3,c3,4,f7,0.034432463347911835
32,4,4,c1,1,f1,0.923903226852417
32,4,4,c2,2,f2,0.7684956789016724
32,4,4,c2,2,f3,0.18827572464942932
32,4,4,c3,4,f4,0.010839654132723808
32,4,4,c3,4,f5,0.010839654132723808
32,4,4,c3,4,f6,0.9238939881324768
32,4,4,c3,4,f7,0.02770955115556717
32,4,5,c1,1,f1,0.9584496021270752
32,4,5,c2,2,f2,0.7766990065574646
32,4,5,c2,2,f3,0.1884753555059433
32,4,5,c3,4,f4,0.009003533981740475
32,4,5,c3,4,f5,0.009003533981740475
32,4,5,c3,4,f6,0.9348377585411072
32,4,5,c3,4,f7,0.025962039828300476
32,4,6,c1,1,f1,0.9657899141311646
32,4,6,c2,2,f2,0.7819755673408508
32,4,6,c2,2,f3,0.18864890933036804
32,4,6,c3,4,f4,0.007839580066502094
32,4,6,c3,4,f5,0.007839580066502094
32,4,6,c3,4,f6,0.9417726397514343
32,4,6,c3,4,f7,0.024857552722096443
32,4,7,c1,1,f1,0.970848023891449
32,4,7,c2,2,f2,0.7856574058532715
32,4,7,c2,2,f3,0.18879155814647675
32,4,7,c3,4,f4,0.007034690119326115
32,4,7,c3,4,f5,0.007034690119326115
32,4,7,c3,4,f6,0.9465667009353638
32,4,7,c3,4,f7,0.024095335975289345
32,4,8,c1,1,f1,0.9745476245880127
32,4,8,c2,2,f2,0.6125867962837219
32,4,8,c2,2,f3,0.36497971415519714
32,4,8,c3,4,f4,0.006444530561566353
32,4,8,c3,4,f5,0.006444530561566353
32,4,8,c3,4,f6,0.9500812292098999
32,4,8,c3,4,f7,0.023537296801805496
32,4,9,c1,1,f1,0.977372407913208
32,4,9,c2,2,f2,0.6140463352203369
32,4,9,c2,2,f3,0.3656405806541443
32,4,9,c3,4,f4,0.005993126425892115
32,4,9,c3,4,f5,0.005993126425892115
32,4,9,c3,4,f6,0.9527689218521118
32,4,9,c3,4,f7,0.023110952228307724
32,4,10,c1,1,f1,0.9796000719070435
32,4,10,c2,2,f2,0.6152069568634033
32,4,10,c2,2,f3,0.36617016792297363
32,4,10,c3,4,f4,0.005636613816022873
32,4,10,c3,4,f5,0.005636613816022873
32,4,10,c3,4,f6,0.9548914432525635
32,4,10,c3,4,f7,0.02277451753616333
32,4,11,c1,1,f1,0.9814022183418274
32,4,11,c2,2,f2,0.011780080385506153
32,4,11,c2,2,f3,0.9705564975738525
32,4,11,c3,4,f4,0.005347883328795433
32,4,11,c3,4,f5,0.005347883328795433
32,4,11,c3,4,f6,0.9566101431846619
32,4,11,c3,4,f7,0.022502247244119644
32,4,12,c1,1,f1,0.9828904271125793
32,4,12,c2,2,f2,0.0115431509912014
32,4,12,c2,2,f3,0.9720087051391602
32,4,12,c3,4,f4,0.0051092589274048805
32,4,12,c3,4,f5,0.0051092589274048805
32,4,12,c3,4,f6,0.9580305814743042
32,4,12,c3,4,f7,0.02227737009525299
64,1,1,c1,1,f1,0.5821250081062317
64,1,1,c2,2,f2,0.5835808515548706
64,1,1,c2,2,f3,0.09977150708436966
64,1,1,c3,4,f4,0.5757410526275635
64,1,1,c3,4,f5,0.06426668912172318
64,1,1,c3,4,f6,0.10861007869243622
64,1,1,c3,4,f7,0.06426668912172318
64,1,2,c1,1,f1,0.8358227014541626
64,1,2,c2,2,f2,0.7234142422676086
64,1,2,c2,2,f3,0.07965923100709915
64,1,2,c3,4,f4,0.7908162474632263
64,1,2,c3,4,f5,0.02781953290104866
64,1,2,c3,4,f6,0.07595038414001465
64,1,2,c3,4,f7,0.02781953290104866
64,1,3,c1,1,f1,0.9254468083381653
64,1,3,c2,2,f2,0.7744353413581848
64,1,3,c2,2,f3,0.07223052531480789
64,1,3,c3,4,f4,0.8510271310806274
64,1,3,c3,4,f5,0.017567552626132965
64,1,3,c3,4,f6,0.0670551210641861
64,1,3,c3,4,f7,0.017567552626132965
64,1,4,c1,1,f1,0.9468717575073242
64,1,4,c2,2,f2,0.7883574962615967
64,1,4,c2,2,f3,0.07046589255332947
64,1,4,c3,4,f4,0.8686517477035522
64,1,4,c3,4,f5,0.0145171619951725
64,1,4,c3,4,f6,0.06471016258001328
64,1,4,c3,4,f7,0.0145171619951725
64,1,5,c1,1,f1,0.9585130214691162
64,1,5,c2,2,f2,0.7962639927864075
64,1,5,c2,2,f3,0.06948830187320709
64,1,5,c3,4,f4,0.8784356713294983
64,1,5,c3,4,f5,0.01281722355633974
64,1,5,c3,4,f6,0.06344250589609146
64,1,5,c3,4,f7,0.01281722355633974
64,1,6,c1,1,f1,0.965853214263916
64,1,6,c2,2,f2,0.8013700842857361
64,1,6,c2,2,f3,0.06886713206768036
64,1,6,c3,4,f4,0.8846765160560608
64,1,6,c3,4,f5,0.01173026766628027
64,1,6,c3,4,f6,0.06264769285917282
64,1,6,c3,4,f7,0.01173026766628027
64,1,7,c1,1,f1,0.9709116220474243
64,1,7,c2,2,f2,0.80494225025177
64,1,7,c2,2,f3,0.06843747198581696
64,1,7,c3,4,f4,0.8890083432197571
64,1,7,c3,4,f5,0.010974494740366936
64,1,7,c3,4,f6,0.06210258603096008
64,1,7,c3,4,f7,0.010974494740366936
64,1,8,c1,1,f1,0.9746115207672119
64,1,8,c2,2,f2,0.8075822591781616
64,1,8,c2,2,f3,0.06812259554862976
64,1,8,c3,4,f4,0.8921927809715271
64,1,8,c3,4,f5,0.010418239049613476
64,1,8,c3,4,f6,0.06170542538166046
64,1,8,c3,4,f7,0.010418239049613476
64,1,9,c1,1,f1,0.9774364233016968
64,1,9,c2,2,f2,0.8096132278442383
64,1,9,c2,2,f3,0.06788192689418793
64,1,9,c3,4,f4,0.8946330547332764
64,1,9,c3,4,f5,0.009991573169827461
64,1,9,c3,4,f6,0.06140321493148804
64,1,9,c3,4,f7,0.009991573169827461
64,1,10,c1,1,f1,0.9796643257141113
64,1,10,c2,2,f2,0.8112244009971619
64,1,10,c2,2,f3,0.06769199669361115
64,1,10,c3,4,f4,0.896562933921814
64,1,10,c3,4,f5,0.00965387374162674
64,1,10,c3,4,f6,0.061165470629930496
64,1,10,c3,4,f7,0.00965387374162674
64,1,11,c1,1,f1,0.9814667105674744
64,1,11,c2,2,f2,0.8125338554382324
64,1,11,c2,2,f3,0.06753827631473541
64,1,11,c3,4,f4,0.8981276750564575
64,1,11,c3,4,f5,0.009379916824400425
64,1,11,c3,4,f6,0.06097358837723732
64,1,11,c3,4,f7,0.009379916824400425
64,1,12,c1,1,f1,0.9829549193382263
64,1,12,c2,2,f2,0.8136190176010132
64,1,12,c2,2,f3,0.06741137057542801
64,1,12,c3,4,f4,0.8994218707084656
64,1,12,c3,4,f5,0.00915318913757801
64,1,12,c3,4,f6,0.06081542745232582
64,1,12,c3,4,f7,0.00915318913757801
64,2,1,c1,1,f1,0.5815932154655457
64,2,1,c2,2,f2,0.5843656659126282
64,2,1,c2,2,f3,0.09963753819465637
64,2,1,c3,4,f4,0.5870790481567383
64,2,1,c3,4,f5,0.06204913929104805
64,2,1,c3,4,f6,0.1062355563044548
64,2,1,c3,4,f7,0.06419757008552551
64,2,2,c1,1,f1,0.8710935115814209
64,2,2,c2,2,f2,0.7234363555908203
64,2,2,c2,2,f3,0.07962522655725479
64,2,2,c3,4,f4,0.7553433775901794
64,2,2,c3,4,f5,0.033561259508132935
64,2,2,c3,4,f6,0.08153998851776123
64,2,2,c3,4,f7,0.03474081680178642
64,2,3,c1,1,f1,0.9254136085510254
64,2,3,c2,2,f2,0.7523478865623474
64,2,3,c2,2,f3,0.0758909061551094
64,2,3,c3,4,f4,0.8301085233688354
64,2,3,c3,4,f5,0.020939430221915245
64,2,3,c3,4,f6,0.07030265778303146
64,2,3,c3,4,f7,0.02175203710794449
64,2,4,c1,1,f1,0.9468610882759094
64,2,4,c2,2,f2,0.7653287649154663
64,2,4,c2,2,f3,0.07428760826587677
64,2,4,c3,4,f4,0.8463100790977478
64,2,4,c3,4,f5,0.018153704702854156
64,2,4,c3,4,f6,0.06824985146522522
64,2,4,c3,4,f7,0.018773647025227547
64,2,5,c1,1,f1,0.9585084319114685
64,2,5,c2,2,f2,0.7727386951446533
64,2,5,c2,2,f3,0.07339534908533096
64,2,5,c3,4,f4,0.8554473519325256
64,2,5,c3,4,f5,0.016578450798988342
64,2,5,c3,4,f6,0.06712416559457779
64,2,5,c3,4,f7,0.017079578712582588
64,2,6,c1,1,f1,0.9658507704734802
64,2,6,c2,2,f2,0.7775377631187439
64,2,6,c2,2,f3,0.07282694429159164
64,2,6,c3,4,f4,0.8613277077674866
64,2,6,c3,4,f5,0.015562972985208035
64,2,6,c3,4,f6,0.06641273200511932
64,2,6,c3,4,f7,0.01598350517451763
64,2,7,c1,1,f1,0.9709103107452393
64,2,7,c2,2,f2,0.7809011936187744
64,2,7,c2,2,f3,0.07243320345878601
64,2,7,c3,4,f4,0.8654330372810364
64,2,7,c3,4,f5,0.014853189699351788
64,2,7,c3,4,f6,0.06592229753732681
64,2,7,c3,4,f7,0.015215457417070866
64,2,8,c1,1,f1,0.9746105670928955
64,2,8,c2,2,f2,0.7833903431892395
64,2,8,c2,2,f3,0.07214431464672089
64,2,8,c3,4,f4,0.8684633374214172
64,2,8,c3,4,f5,0.014328866265714169
64,2,8,c3,4,f6,0.0655636414885521
64,2,8,c3,4,f7,0.014647049829363823
64,2,9,c1,1,f1,0.977435827255249
64,2,9,c2,2,f2,0.785306990146637
64,2,9,c2,2,f3,0.07192334532737732
64,2,9,c3,4,f4,0.8707922697067261
64,2,9,c3,4,f5,0.013925604522228241
64,2,9,c3,4,f6,0.06529000401496887
64,2,9,c3,4,f7,0.014209271408617496
64,2,10,c1,1,f1,0.9796639680862427
64,2,10,c2,2,f2,0.7868286371231079
64,2,10,c2,2,f3,0.07174886018037796
64,2,10,c3,4,f4,0.8726387023925781
64,2,10,c3,4,f5,0.013605761341750622
64,2,10,c3,4,f6,0.06507431715726852
64,2,10,c3,4,f7,0.013861668296158314
64,2,11,c1,1,f1,0.98146653175354
64,2,11,c2,2,f2,0.7880657911300659
64,2,11,c2,2,f3,0.0716075673699379
64,2,11,c3,4,f4,0.8741384744644165
64,2,11,c3,4,f5,0.013345856219530106
64,2,11,c3,4,f6,0.06489989161491394
64,2,11,c3,4,f7,0.013578948564827442
64,2,12,c1,1,f1,0.9829546809196472
64,2,12,c2,2,f2,0.7890917658805847
64,2,12,c2,2,f3,0.07149086147546768
64,2,12,c3,4,f4,0.8753809928894043
64,2,12,c3,4,f5,0.013130472041666508
64,2,12,c3,4,f6,0.06475599855184555
64,2,12,c3,4,f7,0.013344486244022846
64,3,1,c1,1,f1,0.3430807292461395
64,3,1,c2,2,f2,0.18791064620018005
64,3,1,c2,2,f3,0.4869330823421478
64,3,1,c3,4,f4,0.5791503190994263
64,3,1,c3,4,f5,0.06370217353105545
64,3,1,c3,4,f6,0.10802017897367477
64,3,1,c3,4,f7,0.06370217353105545
64,3,2,c1,1,f1,0.33866146206855774
64,3,2,c2,2,f2,0.25872182846069336
64,3,2,c2,2,f3,0.37217676639556885
64,3,2,c3,4,f4,0.7723575234413147
64,3,2,c3,4,f5,0.030896514654159546
64,3,2,c3,4,f6,0.07902366667985916
64,3,2,c3,4,f7,0.030896514654159546
64,3,3,c1,1,f1,0.33978071808815
64,3,3,c2,2,f2,0.3341048061847687
64,3,3,c2,2,f3,0.17369210720062256
64,3,3,c3,4,f4,0.829659104347229
64,3,3,c3,4,f5,0.021130576729774475
64,3,3,c3,4,f6,0.07060641050338745
64,3,3,c3,4,f7,0.021130576729774475
64,3,4,c1,1,f1,0.3403778374195099
64,3,4,c2,2,f2,0.33493417501449585
64,3,4,c2,2,f3,0.17447447776794434
64,3,4,c3,4,f4,0.8462499380111694
64,3,4,c3,4,f5,0.018252065405249596
64,3,4,c3,4,f6,0.06843647360801697
64,3,4,c3,4,f7,0.018252065405249596
64,3,5,c1,1,f1,0.34072524309158325
64,3,5,c2,2,f2,0.3354497253894806
64,3,5,c2,2,f3,0.17496956884860992
64,3,5,c3,4,f4,0.8555147051811218
64,3,5,c3,4,f5,0.01663845404982567
64,3,5,c3,4,f6,0.06725654751062393
64,3,5,c3,4,f7,0.01663845404982567
64,3,6,c1,1,f1,0.3409592807292938
64,3,6,c2,2,f2,0.3358030617237091
64,3,6,c2,2,f3,0.17531484365463257
64,3,6,c3,4,f4,0.8614433407783508
64,3,6,c3,4,f5,0.015603418461978436
64,3,6,c3,4,f6,0.06651437282562256
64,3,6,c3,4,f7,0.015603418461978436
64,3,7,c1,1,f1,0.3411361575126648
64,3,7,c2,2,f2,0.33606138825416565
64,3,7,c2,2,f3,0.1755712777376175
64,3,7,c3,4,f4,0.8655668497085571
64,3,7,c3,4,f5,0.014882300980389118
64,3,7,c3,4,f6,0.06600439548492432
64,3,7,c3,4,f7,0.014882300980389118
64,3,8,c1,1,f1,0.3412795066833496
64,3,8,c2,2,f2,0.33625656366348267
64,3,8,c2,2,f3,0.17576490342617035
64,3,8,c3,4,f4,0.8686023354530334
64,3,8,c3,4,f5,0.01435083243995905
64,3,8,c3,4,f6,0.06563236564397812
64,3,8,c3,4,f7,0.01435083243995905
64,3,9,c1,1,f1,0.3413909375667572
64,3,9,c2,2,f2,0.336409330368042
64,3,9,c2,2,f3,0.1759166717529297
64,3,9,c3,4,f4,0.8709307312965393
64,3,9,c3,4,f5,0.013942761346697807
64,3,9,c3,4,f6,0.06534894555807114
64,3,9,c3,4,f7,0.013942761346697807
64,3,10,c1,1,f1,0.3414824604988098
64,3,10,c2,2,f2,0.3365320861339569
64,3,10,c2,2,f3,0.17603851854801178
64,3,10,c3,4,f4,0.8727735280990601
64,3,10,c3,4,f5,0.013619540259242058
64,3,10,c3,4,f6,0.06512585282325745
64,3,10,c3,4,f7,0.013619540259242058
64,3,11,c1,1,f1,0.3415566086769104
64,3,11,c2,2,f2,0.33663275837898254
64,3,11,c2,2,f3,0.17613840103149414
64,3,11,c3,4,f4,0.8742687106132507
64,3,11,c3,4,f5,0.013357162475585938
64,3,11,c3,4,f6,0.06494569778442383
64,3,11,c3,4,f7,0.013357162475585938
64,3,12,c1,1,f1,0.34161755442619324
64,3,12,c2,2,f2,0.3367169201374054
64,3,12,c2,2,f3,0.17622193694114685
64,3,12,c3,4,f4,0.8755060434341431
64,3,12,c3,4,f5,0.013139910995960236
64,3,12,c3,4,f6,0.06479714065790176
64,3,12,c3,4,f7,0.013139910995960236
64,4,1,c1,1,f1,0.5793083906173706
64,4,1,c2,2,f2,0.4124164879322052
64,4,1,c2,2,f3,0.29500529170036316
64,4,1,c3,4,f4,0.4752306044101715
64,4,1,c3,4,f5,0.15851697325706482
64,4,1,c3,4,f6,0.10134715586900711
64,4,1,c3,4,f7,0.10122513025999069
64,4,2,c1,1,f1,0.8535239696502686
64,4,2,c2,2,f2,0.5164335370063782
64,4,2,c2,2,f3,0.11429031938314438
64,4,2,c3,4,f4,0.7535714507102966
64,4,2,c3,4,f5,0.034008558839559555
64,4,2,c3,4,f6,0.08226532489061356
64,4,2,c3,4,f7,0.034008558839559555
64,4,3,c1,1,f1,0.9254188537597656
64,4,3,c2,2,f2,0.5272339582443237
64,4,3,c2,2,f3,0.1134583130478859
64,4,3,c3,4,f4,0.8083494901657104
64,4,3,c3,4,f5,0.024669544771313667
64,4,3,c3,4,f6,0.07423155009746552
64,4,3,c3,4,f7,0.024669544771313667
64,4,4,c1,1,f1,0.9468618035316467
64,4,4,c2,2,f2,0.5326782464981079
64,4,4,c2,2,f3,0.11307435482740402
64,4,4,c3,4,f4,0.8238648176193237
64,4,4,c3,4,f5,0.021974725648760796
64,4,4,c3,4,f6,0.07221488654613495
64,4,4,c3,4,f7,0.021974725648760796
64,4,5,c1,1,f1,0.9585082530975342
64,4,5,c2,2,f2,0.5359437465667725
64,4,5,c2,2,f3,0.11285418272018433
64,4,5,c3,4,f4,0.8554789423942566
64,4,5,c3,4,f5,0.01663844846189022
64,4,5,c3,4,f6,0.0672970786690712
64,4,5,c3,4,f7,0.01663844846189022
64,4,6,c1,1,f1,0.9658504724502563
64,4,6,c2,2,f2,0.5381154417991638
64,4,6,c2,2,f3,0.11271171271800995
64,4,6,c3,4,f4,0.8614128828048706
64,4,6,c3,4,f5,0.015603633597493172
64,4,6,c3,4,f6,0.06654760241508484
64,4,6,c3,4,f7,0.015603633597493172
64,4,7,c1,1,f1,0.9709097146987915
64,4,7,c2,2,f2,0.5396633148193359
64,4,7,c2,2,f3,0.11261208355426788
64,4,7,c3,4,f4,0.8655403852462769
64,4,7,c3,4,f5,0.014882608316838741
64,4,7,c3,4,f6,0.06603259593248367
64,4,7,c3,4,f7,0.014882608316838741
64,4,8,c1,1,f1,0.9746102690696716
64,4,8,c2,2,f2,0.5408234000205994
64,4,8,c2,2,f3,0.11253850907087326
64,4,8,c3,4,f4,0.8685789108276367
64,4,8,c3,4,f5,0.014351165853440762
64,4,8,c3,4,f6,0.06565679609775543
64,4,8,c3,4,f7,0.014351165853440762
64,4,9,c1,1,f1,0.9774354100227356
64,4,9,c2,2,f2,0.541724681854248
64,4,9,c2,2,f3,0.1124819740653038
64,4,9,c3,4,f4,0.8709098100662231
64,4,9,c3,4,f5,0.013943107798695564
64,4,9,c3,4,f6,0.06537053734064102
64,4,9,c3,4,f7,0.013943107798695564
64,4,10,c1,1,f1,0.9796635508537292
64,4,10,c2,2,f2,0.5424448847770691
64,4,10,c2,2,f3,0.1124371811747551
64,4,10,c3,4,f4,0.8727548718452454
64,4,10,c3,4,f5,0.013619883917272091
64,4,10,c3,4,f6,0.06514518707990646
64,4,10,c3,4,f7,0.013619883917272091
64,4,11,c1,1,f1,0.9814660549163818
64,4,11,c2,2,f2,0.5430335998535156
64,4,11,c2,2,f3,0.1124008297920227
64,4,11,c3,4,f4,0.8742515444755554
64,4,11,c3,4,f5,0.013357499614357948
64,4,11,c3,4,f6,0.0649631917476654
64,4,11,c3,4,f7,0.013357499614357948
64,4,12,c1,1,f1,0.9829544425010681
64,4,12,c2,2,f2,0.5435237288475037
64,4,12,c2,2,f3,0.11237072944641113
64,4,12,c3,4,f4,0.8754902482032776
64,4,12,c3,4,f5,0.013140239752829075
64,4,12,c3,4,f6,0.06481312960386276
64,4,12,c3,4,f7,0.013140239752829075
128,1,1,c1,1,f1,0.582350492477417
128,1,1,c2,2,f2,0.07382959872484207
128,1,1,c2,2,f3,0.5942997932434082
128,1,1,c3,4,f4,0.5792856216430664
128,1,1,c3,4,f5,0.06365808844566345
128,1,1,c3,4,f6,0.06365808844566345
128,1,1,c3,4,f7,0.10803024470806122
128,1,2,c1,1,f1,0.817146360874176
128,1,2,c2,2,f2,0.034854739904403687
128,1,2,c2,2,f3,0.8299654722213745
128,1,2,c3,4,f4,0.8193204998970032
128,1,2,c3,4,f5,0.028322508558630943
128,1,2,c3,4,f6,0.028322508558630943
128,1,2,c3,4,f7,0.044854532927274704
128,1,3,c1,1,f1,0.8818329572677612
128,1,3,c2,2,f2,0.027748480439186096
128,1,3,c2,2,f3,0.8732612729072571
128,1,3,c3,4,f4,0.8827349543571472
128,1,3,c3,4,f5,0.017713958397507668
128,1,3,c3,4,f6,0.017713958397507668
128,1,3,c3,4,f7,0.03453630581498146
128,1,4,c1,1,f1,0.900839626789093
128,1,4,c2,2,f2,0.024781806394457817
128,1,4,c2,2,f3,0.8913927674293518
128,1,4,c3,4,f4,0.9015485644340515
128,1,4,c3,4,f5,0.01455821841955185
128,1,4,c3,4,f6,0.01455821841955185
128,1,4,c3,4,f7,0.03152814507484436
128,1,5,c1,1,f1,0.9113037586212158
128,1,5,c2,2,f2,0.023137586191296577
128,1,5,c2,2,f3,0.9014583826065063
128,1,5,c3,4,f4,0.9347133636474609
128,1,5,c3,4,f5,0.009018529206514359
128,1,5,c3,4,f6,0.009018529206514359
128,1,5,c3,4,f7,0.026077697053551674
128,1,6,c1,1,f1,0.91794753074646
128,1,6,c2,2,f2,0.022089846432209015
128,1,6,c2,2,f3,0.9078789949417114
128,1,6,c3,4,f4,0.9416452050209045
128,1,6,c3,4,f5,0.00785499345511198
128,1,6,c3,4,f6,0.00785499345511198
128,1,6,c3,4,f7,0.024974076077342033
128,1,7,c1,1,f1,0.9225456714630127
128,1,7,c2,2,f2,0.021363046020269394
128,1,7,c2,2,f3,0.9123361706733704
128,1,7,c3,4,f4,0.9464377164840698
128,1,7,c3,4,f5,0.007050362415611744
128,1,7,c3,4,f6,0.007050362415611744
128,1,7,c3,4,f7,0.024212462827563286
128,1,8,c1,1,f1,0.9259188175201416
128,1,8,c2,2,f2,0.020829034969210625
128,1,8,c2,2,f3,0.9156126976013184
128,1,8,c3,4,f4,0.9499508738517761
128,1,8,c3,4,f5,0.00646037794649601
128,1,8,c3,4,f6,0.00646037794649601
128,1,8,c3,4,f7,0.023654857650399208
128,1,9,c1,1,f1,0.928499698638916
128,1,9,c2,2,f2,0.02041996270418167
128,1,9,c2,2,f3,0.9181235432624817
128,1,9,c3,4,f4,0.952637791633606
128,1,9,c3,4,f5,0.006009101867675781
128,1,9,c3,4,f6,0.006009101867675781
128,1,9,c3,4,f7,0.023228837177157402
128,1,10,c1,1,f1,0.930538535118103
128,1,10,c2,2,f2,0.02009652368724346
128,1,10,c2,2,f3,0.9201094508171082
128,1,10,c3,4,f4,0.9547594785690308
128,1,10,c3,4,f5,0.005652686581015587
128,1,10,c3,4,f6,0.005652686581015587
128,1,10,c3,4,f7,0.022892668843269348
128,1,11,c1,1,f1,0.93218994140625
128,1,11,c2,2,f2,0.019834352657198906
128,1,11,c2,2,f3,0.9217195510864258
128,1,11,c3,4,f4,0.9564777612686157
128,1,11,c3,4,f5,0.005364030599594116
128,1,11,c3,4,f6,0.005364030599594116
128,1,11,c3,4,f7,0.02262062393128872
128,1,12,c1,1,f1,0.9335550665855408
128,1,12,c2,2,f2,0.01961752586066723
128,1,12,c2,2,f3,0.9230514168739319
128,1,12,c3,4,f4,0.9578977823257446
128,1,12,c3,4,f5,0.005125467199832201
128,1,12,c3,4,f6,0.005125467199832201
128,1,12,c3,4,f7,0.022395916283130646
128,2,1,c1,1,f1,0.5818619132041931
128,2,1,c2,2,f2,0.07386135309934616
128,2,1,c2,2,f3,0.5938470959663391
128,2,1,c3,4,f4,0.5756368637084961
128,2,1,c3,4,f5,0.07949819415807724
128,2,1,c3,4,f6,0.07950881868600845
128,2,1,c3,4,f7,0.07950881868600845
128,2,2,c1,1,f1,0.7600138783454895
128,2,2,c2,2,f2,0.03179970383644104
128,2,2,c2,2,f3,0.8482421040534973
128,2,2,c3,4,f4,0.8269007205963135
128,2,2,c3,4,f5,0.03807160630822182
128,2,2,c3,4,f6,0.03808281570672989
128,2,2,c3,4,f7,0.03808281570672989
128,2,3,c1,1,f1,0.7936975359916687
128,2,3,c2,2,f2,0.024118682369589806
128,2,3,c2,2,f3,0.8950088620185852
128,2,3,c3,4,f4,0.8724554777145386
128,2,3,c3,4,f5,0.030634630471467972
128,2,3,c3,4,f6,0.03064601868391037
128,2,3,c3,4,f7,0.03064601868391037
128,2,4,c1,1,f1,0.8084325790405273
128,2,4,c2,2,f2,0.020965170115232468
128,2,4,c2,2,f3,0.9142706394195557
128,2,4,c3,4,f4,0.8912243843078613
128,2,4,c3,4,f5,0.02758510410785675
128,2,4,c3,4,f6,0.027596598491072655
128,2,4,c3,4,f7,0.027596598491072655
128,2,5,c1,1,f1,0.8167344927787781
128,2,5,c2,2,f2,0.019228341057896614
128,2,5,c2,2,f3,0.9248969554901123
128,2,5,c3,4,f4,0.9015802145004272
128,2,5,c3,4,f5,0.025906704366207123
128,2,5,c3,4,f6,0.025918271392583847
128,2,5,c3,4,f7,0.025918271392583847
128,2,6,c1,1,f1,0.822084903717041
128,2,6,c2,2,f2,0.01812528446316719
128,2,6,c2,2,f3,0.9316526651382446
128,2,6,c3,4,f4,0.908164381980896
128,2,6,c3,4,f5,0.02484123408794403
128,2,6,c3,4,f6,0.024852830916643143
128,2,6,c3,4,f7,0.024852830916643143
128,2,7,c1,1,f1,0.8258180618286133
128,2,7,c2,2,f2,0.017361700534820557
128,2,7,c2,2,f3,0.9363327622413635
128,2,7,c3,4,f4,0.9127258658409119
128,2,7,c3,4,f5,0.02410390041768551
128,2,7,c3,4,f6,0.02411552518606186
128,2,7,c3,4,f7,0.02411552518606186
128,2,8,c1,1,f1,0.8285723328590393
128,2,8,c2,2,f2,0.016801465302705765
128,2,8,c2,2,f3,0.9397682547569275
128,2,8,c3,4,f4,0.9160743355751038
128,2,8,c3,4,f5,0.023563018068671227
128,2,8,c3,4,f6,0.023574665188789368
128,2,8,c3,4,f7,0.023574665188789368
128,2,9,c1,1,f1,0.8306881785392761
128,2,9,c2,2,f2,0.016372745856642723
128,2,9,c2,2,f3,0.9423983097076416
128,2,9,c3,4,f4,0.9186378121376038
128,2,9,c3,4,f5,0.023149197921156883
128,2,9,c3,4,f6,0.023160861805081367
128,2,9,c3,4,f7,0.023160861805081367
128,2,10,c1,1,f1,0.8323649168014526
128,2,10,c2,2,f2,0.016034048050642014
128,2,10,c2,2,f3,0.9444767236709595
128,2,10,c3,4,f4,0.9206638336181641
128,2,10,c3,4,f5,0.022822299972176552
128,2,10,c3,4,f6,0.02283397503197193
128,2,10,c3,4,f7,0.02283397503197193
128,2,11,c1,1,f1,0.8337264657020569
128,2,11,c2,2,f2,0.015759671106934547
128,2,11,c2,2,f3,0.9461607336997986
128,2,11,c3,4,f4,0.9223054051399231
128,2,11,c3,4,f5,0.022557519376277924
128,2,11,c3,4,f6,0.022569207474589348
128,2,11,c3,4,f7,0.022569207474589348
128,2,12,c1,1,f1,0.8348540663719177
128,2,12,c2,2,f2,0.01553286425769329
128,2,12,c2,2,f3,0.9475532174110413
128,2,12,c3,4,f4,0.9236626029014587
128,2,12,c3,4,f5,0.022338656708598137
128,2,12,c3,4,f6,0.022350359708070755
128,2,12,c3,4,f7,0.022350359708070755
128,3,1,c1,1,f1,0.5785437226295471
128,3,1,c2,2,f2,0.07386351376771927
128,3,1,c2,2,f3,0.5939654111862183
128,3,1,c3,4,f4,0.5897585153579712
128,3,1,c3,4,f5,0.06669483333826065
128,3,1,c3,4,f6,0.08239112794399261
128,3,1,c3,4,f7,0.06669483333826065
128,3,2,c1,1,f1,0.798292338848114
128,3,2,c2,2,f2,0.03794211894273758
128,3,2,c2,2,f3,0.8114610910415649
128,3,2,c3,4,f4,0.8192983269691467
128,3,2,c3,4,f5,0.02832517959177494
128,3,2,c3,4,f6,0.044864408671855927
128,3,2,c3,4,f7,0.02832517959177494
128,3,3,c1,1,f1,0.8598906993865967
128,3,3,c2,2,f2,0.027743278071284294
128,3,3,c2,2,f3,0.8732960224151611
128,3,3,c3,4,f4,0.8827119469642639
128,3,3,c3,4,f5,0.017716839909553528
128,3,3,c3,4,f6,0.034545909613370895
128,3,3,c3,4,f7,0.017716839909553528
128,3,4,c1,1,f1,0.9007678627967834
128,3,4,c2,2,f2,0.024777643382549286
128,3,4,c2,2,f3,0.8914197087287903
128,3,4,c3,4,f4,0.901526153087616
128,3,4,c3,4,f5,0.014560937881469727
128,3,4,c3,4,f6,0.031537964940071106
128,3,4,c3,4,f7,0.014560937881469727
128,3,5,c1,1,f1,0.9112476110458374
128,3,5,c2,2,f2,0.023133888840675354
128,3,5,c2,2,f3,0.9014820456504822
128,3,5,c3,4,f4,0.9347033500671387
128,3,5,c3,4,f5,0.009019145742058754
128,3,5,c3,4,f6,0.026085728779435158
128,3,5,c3,4,f7,0.009019145742058754
128,3,6,c1,1,f1,0.9179014563560486
128,3,6,c2,2,f2,0.02208642289042473
128,3,6,c2,2,f3,0.9079007506370544
128,3,6,c3,4,f4,0.9416353106498718
128,3,6,c3,4,f5,0.00785560067743063
128,3,6,c3,4,f6,0.024982282891869545
128,3,6,c3,4,f7,0.00785560067743063
128,3,7,c1,1,f1,0.9225065112113953
128,3,7,c2,2,f2,0.021359805017709732
128,3,7,c2,2,f3,0.9123566746711731
128,3,7,c3,4,f4,0.946427583694458
128,3,7,c3,4,f5,0.007050967775285244
128,3,7,c3,4,f6,0.024220818653702736
128,3,7,c3,4,f7,0.007050967775285244
128,3,8,c1,1,f1,0.9258848428726196
128,3,8,c2,2,f2,0.020825926214456558
128,3,8,c2,2,f3,0.9156323075294495
128,3,8,c3,4,f4,0.9499407410621643
128,3,8,c3,4,f5,0.006460985168814659
128,3,8,c3,4,f6,0.02366332896053791
128,3,8,c3,4,f7,0.006460985168814659
128,3,9,c1,1,f1,0.928469717502594
128,3,9,c2,2,f2,0.020416950806975365
128,3,9,c2,2,f3,0.9181426763534546
128,3,9,c3,4,f4,0.952627420425415
128,3,9,c3,4,f5,0.00600971095263958
128,3,9,c3,4,f6,0.02323739603161812
128,3,9,c3,4,f7,0.00600971095263958
128,3,10,c1,1,f1,0.9305115938186646
128,3,10,c2,2,f2,0.020093590021133423
128,3,10,c2,2,f3,0.9201279878616333
128,3,10,c3,4,f4,0.9547492265701294
128,3,10,c3,4,f5,0.0056532989256083965
128,3,10,c3,4,f6,0.02290130779147148
128,3,10,c3,4,f7,0.0056532989256083965
128,3,11,c1,1,f1,0.9321656227111816
128,3,11,c2,2,f2,0.019831480458378792
128,3,11,c2,2,f3,0.921737790107727
128,3,11,c3,4,f4,0.95646733045578
128,3,11,c3,4,f5,0.005364645272493362
128,3,11,c3,4,f6,0.02262931689620018
128,3,11,c3,4,f7,0.005364645272493362
128,3,12,c1,1,f1,0.93353271484375
128,3,12,c2,2,f2,0.019614703953266144
128,3,12,c2,2,f3,0.9230693578720093
128,3,12,c3,4,f4,0.9578872919082642
128,3,12,c3,4,f5,0.005126084666699171
128,3,12,c3,4,f6,0.022404663264751434
128,3,12,c3,4,f7,0.005126084666699171
128,4,1,c1,1,f1,0.5794579386711121
128,4,1,c2,2,f2,0.10074712336063385
128,4,1,c2,2,f3,0.5810658931732178
128,4,1,c3,4,f4,0.5794830322265625
128,4,1,c3,4,f5,0.07882271707057953
128,4,1,c3,4,f6,0.07883328944444656
128,4,1,c3,4,f7,0.07883328944444656
128,4,2,c1,1,f1,0.8171820640563965
128,4,2,c2,2,f2,0.034859247505664825
128,4,2,c2,2,f3,0.8300385475158691
128,4,2,c3,4,f4,0.753986120223999
128,4,2,c3,4,f5,0.050222039222717285
128,4,2,c3,4,f6,0.050233229994773865
128,4,2,c3,4,f7,0.050233229994773865
128,4,3,c1,1,f1,0.9036053419113159
128,4,3,c2,2,f2,0.027752302587032318
128,4,3,c2,2,f3,0.8732943534851074
128,4,3,c3,4,f4,0.851262092590332
128,4,3,c3,4,f5,0.034165121614933014
128,4,3,c3,4,f6,0.034176506102085114
128,4,3,c3,4,f7,0.034176506102085114
128,4,4,c1,1,f1,0.9238059520721436
128,4,4,c2,2,f2,0.024784084409475327
128,4,4,c2,2,f3,0.8914186358451843
128,4,4,c3,4,f4,0.8689401149749756
128,4,4,c3,4,f5,0.031297702342271805
128,4,4,c3,4,f6,0.03130918741226196
128,4,4,c3,4,f7,0.03130918741226196
128,4,5,c1,1,f1,0.9348543286323547
128,4,5,c2,2,f2,0.023138882592320442
128,4,5,c2,2,f3,0.9014812707901001
128,4,5,c3,4,f4,0.8787581920623779
128,4,5,c3,4,f5,0.029709257185459137
128,4,5,c3,4,f6,0.029720807448029518
128,4,5,c3,4,f7,0.029720807448029518
128,4,6,c1,1,f1,0.9418449997901917
128,4,6,c2,2,f2,0.02209050953388214
128,4,6,c2,2,f3,0.9079002141952515
128,4,6,c3,4,f4,0.8850220441818237
128,4,6,c3,4,f5,0.028697405010461807
128,4,6,c3,4,f6,0.02870899997651577
128,4,6,c3,4,f7,0.02870899997651577
128,4,7,c1,1,f1,0.946672797203064
128,4,7,c2,2,f2,0.01736515574157238
128,4,7,c2,2,f3,0.9363449215888977
128,4,7,c3,4,f4,0.8893707394599915
128,4,7,c3,4,f5,0.027995696291327477
128,4,7,c3,4,f6,0.02800731733441353
128,4,7,c3,4,f7,0.02800731733441353
128,4,8,c1,1,f1,0.9502092599868774
128,4,8,c2,2,f2,0.016804423183202744
128,4,8,c2,2,f3,0.9397789239883423
128,4,8,c3,4,f4,0.8925678730010986
128,4,8,c3,4,f5,0.02748020738363266
128,4,8,c3,4,f6,0.02749185636639595
128,4,8,c3,4,f7,0.02749185636639595
128,4,9,c1,1,f1,0.9529122114181519
128,4,9,c2,2,f2,0.016375338658690453
128,4,9,c2,2,f3,0.9424077868461609
128,4,9,c3,4,f4,0.918641209602356
128,4,9,c3,4,f5,0.02314811944961548
128,4,9,c3,4,f6,0.02315978892147541
128,4,9,c3,4,f7,0.02315978892147541
128,4,10,c1,1,f1,0.9550457000732422
128,4,10,c2,2,f2,0.016036352142691612
128,4,10,c2,2,f3,0.9444851875305176
128,4,10,c3,4,f4,0.9206668734550476
128,4,10,c3,4,f5,0.022821320220828056
128,4,10,c3,4,f6,0.022832993417978287
128,4,10,c3,4,f7,0.022832993417978287
128,4,11,c1,1,f1,0.9567728638648987
128,4,11,c2,2,f2,0.015761742368340492
128,4,11,c2,2,f3,0.9461686015129089
128,4,11,c3,4,f4,0.9223082661628723
128,4,11,c3,4,f5,0.0225566104054451
128,4,11,c3,4,f6,0.022568296641111374
128,4,11,c3,4,f7,0.022568296641111374
128,4,12,c1,1,f1,0.9581996202468872
128,4,12,c2,2,f2,0.015534746460616589
128,4,12,c2,2,f3,0.9475603699684143
128,4,12,c3,4,f4,0.9236652255058289
128,4,12,c3,4,f5,0.022337831556797028
128,4,12,c3,4,f6,0.02234952710568905
128,4,12,c3,4,f7,0.02234952710568905
356,1,1,c1,1,f1,0.5781374573707581
356,1,1,c2,2,f2,0.5934175848960876
356,1,1,c2,2,f3,0.07385586202144623
356,1,1,c3,4,f4,0.30149078369140625
356,1,1,c3,4,f5,0.06382881850004196
356,1,1,c3,4,f6,0.4325856566429138
356,1,1,c3,4,f7,0.06382881850004196
356,1,2,c1,1,f1,0.7203283309936523
356,1,2,c2,2,f2,0.7735543847084045
356,1,2,c2,2,f3,0.04423246532678604
356,1,2,c3,4,f4,0.3318468928337097
356,1,2,c3,4,f5,0.05156195908784866
356,1,2,c3,4,f6,0.4661111533641815
356,1,2,c3,4,f7,0.05156195908784866
356,1,3,c1,1,f1,0.771192729473114
356,1,3,c2,2,f2,0.8515640497207642
356,1,3,c2,2,f3,0.03134702518582344
356,1,3,c3,4,f4,0.35874801874160767
356,1,3,c3,4,f5,0.05512164160609245
356,1,3,c3,4,f6,0.4223175048828125
356,1,3,c3,4,f7,0.05512164160609245
356,1,4,c1,1,f1,0.7850041389465332
356,1,4,c2,2,f2,0.8686021566390991
356,1,4,c2,2,f3,0.028565365821123123
356,1,4,c3,4,f4,0.3831743896007538
356,1,4,c3,4,f5,0.061069589108228683
356,1,4,c3,4,f6,0.36861452460289
356,1,4,c3,4,f7,0.061069589108228683
356,1,5,c1,1,f1,0.792837381362915
356,1,5,c2,2,f2,0.8781201839447021
356,1,5,c2,2,f3,0.027014028280973434
356,1,5,c3,4,f4,0.4065401256084442
356,1,5,c3,4,f5,0.06792022287845612
356,1,5,c3,4,f6,0.31127527356147766
356,1,5,c3,4,f7,0.06792022287845612
356,1,6,c1,1,f1,0.7978917956352234
356,1,6,c2,2,f2,0.8842118978500366
356,1,6,c2,2,f3,0.026022180914878845
356,1,6,c3,4,f4,0.425490140914917
356,1,6,c3,4,f5,0.07131588459014893
356,1,6,c3,4,f6,0.2755372226238251
356,1,6,c3,4,f7,0.07131588459014893
356,1,7,c1,1,f1,0.8014254570007324
356,1,7,c2,2,f2,0.8884493708610535
356,1,7,c2,2,f3,0.02533271349966526
356,1,7,c3,4,f4,0.4479514956474304
356,1,7,c3,4,f5,0.07882359623908997
356,1,7,c3,4,f6,0.21566824615001678
356,1,7,c3,4,f7,0.07882359623908997
356,1,8,c1,1,f1,0.8040359020233154
356,1,8,c2,2,f2,0.8915690779685974
356,1,8,c2,2,f3,0.02482539974153042
356,1,8,c3,4,f4,0.4702169895172119
356,1,8,c3,4,f5,0.08649028837680817
356,1,8,c3,4,f6,0.15516650676727295
356,1,8,c3,4,f7,0.08649028837680817
356,1,9,c1,1,f1,0.8060436844825745
356,1,9,c2,2,f2,0.8939622640609741
356,1,9,c2,2,f3,0.024436380714178085
356,1,9,c3,4,f4,0.48161256313323975
356,1,9,c3,4,f5,0.09030824899673462
356,1,9,c3,4,f6,0.12475502490997314
356,1,9,c3,4,f7,0.09030824899673462
356,1,10,c1,1,f1,0.8076359629631042
356,1,10,c2,2,f2,0.895856499671936
356,1,10,c2,2,f3,0.02412855625152588
356,1,10,c3,4,f4,0.48216116428375244
356,1,10,c3,4,f5,0.09021397680044174
356,1,10,c3,4,f6,0.12473711371421814
356,1,10,c3,4,f7,0.09021397680044174
356,1,11,c1,1,f1,0.8089295029640198
356,1,11,c2,2,f2,0.8973932862281799
356,1,11,c2,2,f3,0.023878877982497215
356,1,11,c3,4,f4,0.4826086163520813
356,1,11,c3,4,f5,0.09013703465461731
356,1,11,c3,4,f6,0.12472249567508698
356,1,11,c3,4,f7,0.09013703465461731
356,1,12,c1,1,f1,0.8100013732910156
356,1,12,c2,2,f2,0.9231407642364502
356,1,12,c2,2,f3,0.019592812284827232
356,1,12,c3,4,f4,0.4829797148704529
356,1,12,c3,4,f5,0.0900731310248375
356,1,12,c3,4,f6,0.12471041083335876
356,1,12,c3,4,f7,0.0900731310248375
356,2,1,c1,1,f1,0.5772104263305664
356,2,1,c2,2,f2,0.12094509601593018
356,2,1,c2,2,f3,0.5637727379798889
356,2,1,c3,4,f4,0.16238091886043549
356,2,1,c3,4,f5,0.2534639239311218
356,2,1,c3,4,f6,0.3337964117527008
356,2,1,c3,4,f7,0.07590346783399582
356,2,2,c1,1,f1,0.7202108502388
356,2,2,c2,2,f2,0.12465927749872208
356,2,2,c2,2,f3,0.6626489758491516
356,2,2,c3,4,f4,0.07937618345022202
356,2,2,c3,4,f5,0.30655643343925476
356,2,2,c3,4,f6,0.35227376222610474
356,2,2,c3,4,f7,0.07937618345022202
356,2,3,c1,1,f1,0.7711706161499023
356,2,3,c2,2,f2,0.15322907269001007
356,2,3,c2,2,f3,0.6017682552337646
356,2,3,c3,4,f4,0.07169981300830841
356,2,3,c3,4,f5,0.3551708161830902
356,2,3,c3,4,f6,0.2921721041202545
356,2,3,c3,4,f7,0.07169981300830841
356,2,4,c1,1,f1,0.7849698066711426
356,2,4,c2,2,f2,0.1846475750207901
356,2,4,c2,2,f3,0.5209831595420837
356,2,4,c3,4,f4,0.08595108240842819
356,2,4,c3,4,f5,0.40626460313796997
356,2,4,c3,4,f6,0.16984525322914124
356,2,4,c3,4,f7,0.08595108240842819
356,2,5,c1,1,f1,0.7927960157394409
356,2,5,c2,2,f2,0.2170363813638687
356,2,5,c2,2,f3,0.4333532750606537
356,2,5,c3,4,f4,0.08944400399923325
356,2,5,c3,4,f5,0.41831496357917786
356,2,5,c3,4,f6,0.14034317433834076
356,2,5,c3,4,f7,0.08944400399923325
356,2,6,c1,1,f1,0.7978457808494568
356,2,6,c2,2,f2,0.24988755583763123
356,2,6,c2,2,f3,0.3424903154373169
356,2,6,c3,4,f4,0.09312090277671814
356,2,6,c3,4,f5,0.42995986342430115
356,2,6,c3,4,f6,0.11032240092754364
356,2,6,c3,4,f7,0.09312090277671814
356,2,7,c1,1,f1,0.8013764023780823
356,2,7,c2,2,f2,0.2789948880672455
356,2,7,c2,2,f3,0.2740955054759979
356,2,7,c3,4,f4,0.0929911658167839
356,2,7,c3,4,f5,0.43070468306541443
356,2,7,c3,4,f6,0.11023291945457458
356,2,7,c3,4,f7,0.0929911658167839
356,2,8,c1,1,f1,0.8039847016334534
356,2,8,c2,2,f2,0.31228259205818176
356,2,8,c2,2,f3,0.18036618828773499
356,2,8,c3,4,f4,0.0928942933678627
356,2,8,c3,4,f5,0.4312608540058136
356,2,8,c3,4,f6,0.11016572266817093
356,2,8,c3,4,f7,0.0928942933678627
356,2,9,c1,1,f1,0.8059905767440796
356,2,9,c2,2,f2,0.3344689607620239
356,2,9,c2,2,f3,0.11769279092550278
356,2,9,c3,4,f4,0.09281951189041138
356,2,9,c3,4,f5,0.4316905438899994
356,2,9,c3,4,f6,0.1101134791970253
356,2,9,c3,4,f7,0.09281951189041138
356,2,10,c1,1,f1,0.8075814843177795
356,2,10,c2,2,f2,0.33454370498657227
356,2,10,c2,2,f3,0.11768737435340881
356,2,10,c3,4,f4,0.09276027232408524
356,2,10,c3,4,f5,0.4320310652256012
356,2,10,c3,4,f6,0.11007174849510193
356,2,10,c3,4,f7,0.09276027232408524
356,2,11,c1,1,f1,0.8088739514350891
356,2,11,c2,2,f2,0.3346048891544342
356,2,11,c2,2,f3,0.11768285185098648
356,2,11,c3,4,f4,0.09271240234375
356,2,11,c3,4,f5,0.4323063790798187
356,2,11,c3,4,f6,0.11003771424293518
356,2,11,c3,4,f7,0.09271240234375
356,2,12,c1,1,f1,0.8099450469017029
356,2,12,c2,2,f2,0.3346558213233948
356,2,12,c2,2,f3,0.11767906695604324
356,2,12,c3,4,f4,0.09266973286867142
356,2,12,c3,4,f5,0.43255120515823364
356,2,12,c3,4,f6,0.11000865697860718
356,2,12,c3,4,f7,0.09266973286867142
356,3,1,c1,1,f1,0.581574022769928
356,3,1,c2,2,f2,0.35961562395095825
356,3,1,c2,2,f3,0.3630701005458832
356,3,1,c3,4,f4,0.435571551322937
356,3,1,c3,4,f5,0.31219419836997986
356,3,1,c3,4,f6,0.05157377943396568
356,3,1,c3,4,f7,0.05157377943396568
356,3,2,c1,1,f1,0.7596975564956665
356,3,2,c2,2,f2,0.3752538859844208
356,3,2,c2,2,f3,0.40099257230758667
356,3,2,c3,4,f4,0.5305640697479248
356,3,2,c3,4,f5,0.3154677748680115
356,3,2,c3,4,f6,0.03195072337985039
356,3,2,c3,4,f7,0.03195072337985039
356,3,3,c1,1,f1,0.7934984564781189
356,3,3,c2,2,f2,0.41399097442626953
356,3,3,c2,2,f3,0.3982331454753876
356,3,3,c3,4,f4,0.5373108983039856
356,3,3,c3,4,f5,0.3498391807079315
356,3,3,c3,4,f6,0.02373734675347805
356,3,3,c3,4,f7,0.02373734675347805
356,3,4,c1,1,f1,0.8082517385482788
356,3,4,c2,2,f2,0.8685327768325806
356,3,4,c2,2,f3,0.028591863811016083
356,3,4,c3,4,f4,0.5453485250473022
356,3,4,c3,4,f5,0.3532625734806061
356,3,4,c3,4,f6,0.021450337022542953
356,3,4,c3,4,f7,0.021450337022542953
356,3,5,c1,1,f1,0.8165717124938965
356,3,5,c2,2,f2,0.8780650496482849
356,3,5,c2,2,f3,0.027034834027290344
356,3,5,c3,4,f4,0.5500431656837463
356,3,5,c3,4,f5,0.3553376793861389
356,3,5,c3,4,f6,0.02009952813386917
356,3,5,c3,4,f7,0.02009952813386917
356,3,6,c1,1,f1,0.8219232559204102
356,3,6,c2,2,f2,0.8841661810874939
356,3,6,c2,2,f3,0.02603929676115513
356,3,6,c3,4,f4,0.5531236529350281
356,3,6,c3,4,f5,0.3567295968532562
356,3,6,c3,4,f6,0.019207142293453217
356,3,6,c3,4,f7,0.019207142293453217
356,3,7,c1,1,f1,0.8256573677062988
356,3,7,c2,2,f2,0.9123958945274353
356,3,7,c2,2,f3,0.021349456161260605
356,3,7,c3,4,f4,0.5553011894226074
356,3,7,c3,4,f5,0.35772794485092163
356,3,7,c3,4,f6,0.01857348345220089
356,3,7,c3,4,f7,0.01857348345220089
356,3,8,c1,1,f1,0.8284121751785278
356,3,8,c2,2,f2,0.9156742095947266
356,3,8,c2,2,f3,0.020814619958400726
356,3,8,c3,4,f4,0.5569221377372742
356,3,8,c3,4,f5,0.3584789037704468
356,3,8,c3,4,f6,0.01810021698474884
356,3,8,c3,4,f7,0.01810021698474884
356,3,9,c1,1,f1,0.8305286169052124
356,3,9,c2,2,f2,0.9181865453720093
356,3,9,c2,2,f3,0.020404910668730736
356,3,9,c3,4,f4,0.5581759214401245
356,3,9,c3,4,f5,0.3590642511844635
356,3,9,c3,4,f6,0.01773325353860855
356,3,9,c3,4,f7,0.01773325353860855
356,3,10,c1,1,f1,0.8322057127952576
356,3,10,c2,2,f2,0.920173704624176
356,3,10,c2,2,f3,0.020080968737602234
356,3,10,c3,4,f4,0.5591745972633362
356,3,10,c3,4,f5,0.3595334589481354
356,3,10,c3,4,f6,0.01744038611650467
356,3,10,c3,4,f7,0.01744038611650467
356,3,11,c1,1,f1,0.8335675597190857
356,3,11,c2,2,f2,0.9217846989631653
356,3,11,c2,2,f3,0.0198183786123991
356,3,11,c3,4,f4,0.5599889755249023
356,3,11,c3,4,f5,0.3599178194999695
356,3,11,c3,4,f6,0.017201218754053116
356,3,11,c3,4,f7,0.017201218754053116
356,3,12,c1,1,f1,0.8346953392028809
356,3,12,c2,2,f2,0.9231175780296326
356,3,12,c2,2,f3,0.019601209089159966
356,3,12,c3,4,f4,0.5606657266616821
356,3,12,c3,4,f5,0.3602384328842163
356,3,12,c3,4,f6,0.01700221747159958
356,3,12,c3,4,f7,0.01700221747159958
356,4,1,c1,1,f1,0.5811896324157715
356,4,1,c2,2,f2,0.17283089458942413
356,4,1,c2,2,f3,0.5440045595169067
356,4,1,c3,4,f4,0.5792421698570251
356,4,1,c3,4,f5,0.10813786089420319
356,4,1,c3,4,f6,0.06364107877016068
356,4,1,c3,4,f7,0.06364107877016068
356,4,2,c1,1,f1,0.7598406672477722
356,4,2,c2,2,f2,0.18906539678573608
356,4,2,c2,2,f3,0.6012364625930786
356,4,2,c3,4,f4,0.8370234370231628
356,4,2,c3,4,f5,0.04195613041520119
356,4,2,c3,4,f6,0.0253591351211071
356,4,2,c3,4,f7,0.0253591351211071
356,4,3,c1,1,f1,0.7935776114463806
356,4,3,c2,2,f2,0.22044235467910767
356,4,3,c2,2,f3,0.5353624820709229
356,4,3,c3,4,f4,0.8826490044593811
356,4,3,c3,4,f5,0.03461559861898422
356,4,3,c3,4,f6,0.017713725566864014
356,4,3,c3,4,f7,0.017713725566864014
356,4,4,c1,1,f1,0.8083041906356812
356,4,4,c2,2,f2,0.2532365024089813
356,4,4,c2,2,f3,0.4526102840900421
356,4,4,c3,4,f4,0.9014511108398438
356,4,4,c3,4,f5,0.03161439299583435
356,4,4,c3,4,f6,0.014559224247932434
356,4,4,c3,4,f7,0.014559224247932434
356,4,5,c1,1,f1,0.8166092038154602
356,4,5,c2,2,f2,0.2864648997783661
356,4,5,c2,2,f3,0.36389943957328796
356,4,5,c3,4,f4,0.9118268489837646
356,4,5,c3,4,f5,0.029965076595544815
356,4,5,c3,4,f6,0.012817321345210075
356,4,5,c3,4,f7,0.012817321345210075
356,4,6,c1,1,f1,0.8219510912895203
356,4,6,c2,2,f2,0.319897323846817
356,4,6,c2,2,f3,0.27232712507247925
356,4,6,c3,4,f4,0.9415464401245117
356,4,6,c3,4,f5,0.025065366178750992
356,4,6,c3,4,f6,0.007855595089495182
356,4,6,c3,4,f7,0.007855595089495182
356,4,7,c1,1,f1,0.8256785273551941
356,4,7,c2,2,f2,0.3494495451450348
356,4,7,c2,2,f3,0.2034195214509964
356,4,7,c3,4,f4,0.9463359713554382
356,4,7,c3,4,f5,0.02430548332631588
356,4,7,c3,4,f6,0.007051263470202684
356,4,7,c3,4,f7,0.007051263470202684
356,4,8,c1,1,f1,0.8284284472465515
356,4,8,c2,2,f2,0.38294318318367004
356,4,8,c2,2,f3,0.1096034124493599
356,4,8,c3,4,f4,0.9498472213745117
356,4,8,c3,4,f5,0.023749137297272682
356,4,8,c3,4,f6,0.006461497396230698
356,4,8,c3,4,f7,0.006461497396230698
356,4,9,c1,1,f1,0.8305409550666809
356,4,9,c2,2,f2,0.3832109868526459
356,4,9,c2,2,f3,0.10956772416830063
356,4,9,c3,4,f4,0.9525324702262878
356,4,9,c3,4,f5,0.023324092850089073
356,4,9,c3,4,f6,0.006010385695844889
356,4,9,c3,4,f7,0.006010385695844889
356,4,10,c1,1,f1,0.8322150111198425
356,4,10,c2,2,f2,0.3834253251552582
356,4,10,c2,2,f3,0.10953912138938904
356,4,10,c3,4,f4,0.9546530246734619
356,4,10,c3,4,f5,0.022988680750131607
356,4,10,c3,4,f6,0.0056541007943451405
356,4,10,c3,4,f7,0.0056541007943451405
356,4,11,c1,1,f1,0.8335744142532349
356,4,11,c2,2,f2,0.3836006224155426
356,4,11,c2,2,f3,0.10951567441225052
356,4,11,c3,4,f4,0.9563703536987305
356,4,11,c3,4,f5,0.022717246785759926
356,4,11,c3,4,f6,0.005365549586713314
356,4,11,c3,4,f7,0.005365549586713314
356,4,12,c1,1,f1,0.8347002863883972
356,4,12,c2,2,f2,0.38374632596969604
356,4,12,c2,2,f3,0.10949613898992538
356,4,12,c3,4,f4,0.9577893018722534
356,4,12,c3,4,f5,0.02249305322766304
356,4,12,c3,4,f6,0.0051270718686282635
356,4,12,c3,4,f7,0.0051270718686282635
