seed,fan_size,type,rt_memory,rt_category,prob_memory,prob_category,log_like_memory,log_like_category
0,3,Target,-0.43799623104948254,-0.02690348830393564,0.3083059299299448,0.9734551868019757,-0.43799623104948254,-0.02690348830393564
0,3,Target,-0.43799623104948254,-0.02690348830393564,0.3083059299299448,0.9734551868019757,-0.43799623104948254,-0.02690348830393564
0,3,Target,-0.43799623104948254,-0.02690348830393564,0.3083059299299448,0.9734551868019757,-0.43799623104948254,-0.02690348830393564
0,2,Target,-0.492856063814995,-0.020451207255774408,0.4366865340826093,0.9797565003165913,-0.492856063814995,-0.020451207255774408
0,2,Target,-0.492856063814995,-0.020451207255774408,0.43668653408260927,0.9797565003165913,-0.492856063814995,-0.020451207255774408
0,1,Target,-0.31998016727332507,-0.02720528317091422,0.7398862688118241,0.9731614473501241,-0.31998016727332507,-0.02720528317091422
0,3,Target,-0.43799623104948254,-0.02690348830393564,0.3083059299299448,0.9734551868019757,-0.43799623104948254,-0.02690348830393564
0,3,Target,-0.43799623104948254,-0.02690348830393564,0.3083059299299448,0.9734551868019757,-0.43799623104948254,-0.02690348830393564
0,3,Target,-0.43799623104948254,-0.02690348830393564,0.3083059299299448,0.9734551868019757,-0.43799623104948254,-0.02690348830393564
0,2,Target,-0.492856063814995,-0.020451207255774408,0.43668653408260927,0.9797565003165913,-0.492856063814995,-0.020451207255774408
0,2,Target,-0.492856063814995,-0.020451207255774408,0.4366865340826093,0.9797565003165913,-0.492856063814995,-0.020451207255774408
0,1,Target,-0.31998016727332507,-0.02720528317091422,0.7398862688118241,0.9731614473501241,-0.31998016727332507,-0.02720528317091422
0,3,Related Foil,-2.7494911652405825,-0.02690348830393564,0.020375580926392464,0.9734551868019757,-2.7494911652405825,-0.02690348830393564
0,3,Related Foil,-2.7494911652405825,-0.02690348830393564,0.02037558092639246,0.9734551868019757,-2.7494911652405825,-0.02690348830393564
0,3,Related Foil,-2.7474101051000854,-0.02690348830393564,0.020370178712535762,0.9734551868019757,-2.7474101051000854,-0.02690348830393564
0,2,Related Foil,-3.1601542913187792,-0.020451207255774408,0.01540215840076942,0.9797565003165913,-3.1601542913187792,-0.020451207255774408
0,2,Related Foil,-3.1601542913187792,-0.020451207255774408,0.01540215840076942,0.9797565003165913,-3.1601542913187792,-0.020451207255774408
0,1,Related Foil,-3.854321494259782,-0.02720528317091422,0.02041302861283564,0.9731614473501241,-3.854321494259782,-0.02720528317091422
0,3,Related Foil,-2.7494911652405825,-0.02690348830393564,0.02037558092639246,0.9734551868019757,-2.7494911652405825,-0.02690348830393564
0,3,Related Foil,-2.7494911652405825,-0.02690348830393564,0.020375580926392464,0.9734551868019757,-2.7494911652405825,-0.02690348830393564
0,3,Related Foil,-2.7474101051000854,-0.02690348830393564,0.020370178712535762,0.9734551868019757,-2.7474101051000854,-0.02690348830393564
0,2,Related Foil,-3.1601542913187792,-0.020451207255774408,0.015402158400769419,0.9797565003165913,-3.1601542913187792,-0.020451207255774408
0,2,Related Foil,-3.1601542913187792,-0.020451207255774408,0.01540215840076942,0.9797565003165913,-3.1601542913187792,-0.020451207255774408
0,1,Related Foil,-3.854321494259782,-0.02720528317091422,0.02041302861283564,0.9731614473501241,-3.854321494259782,-0.02720528317091422
0,3,Unrelated Foil,-4.632069815601579,-3.6289209101524915,0.08372385185210128,0.026544813198024295,-4.632069815601579,-3.6289209101524915
0,3,Unrelated Foil,-4.632069815601579,-3.6289209101524915,0.08372385185210128,0.026544813198024295,-4.632069815601579,-3.6289209101524915
0,3,Unrelated Foil,-4.617922899146098,-3.6289209101524915,0.08352574109298186,0.026544813198024295,-4.617922899146098,-3.6289209101524915
0,2,Unrelated Foil,-5.0431664060196875,-3.8999215402506366,0.08368390038383608,0.02024349968340861,-5.0431664060196875,-3.8999215402506366
0,2,Unrelated Foil,-5.0431664060196875,-3.8999215402506366,0.08368390038383608,0.02024349968340861,-5.0431664060196875,-3.8999215402506366
0,1,Unrelated Foil,-5.785245618053183,-3.617915893449063,0.08434952952539171,0.026838552649875932,-5.785245618053183,-3.617915893449063
0,3,Unrelated Foil,-4.632069815601579,-3.6289209101524915,0.08372385185210128,0.026544813198024295,-4.632069815601579,-3.6289209101524915
0,3,Unrelated Foil,-4.632069815601579,-3.6289209101524915,0.08372385185210128,0.026544813198024295,-4.632069815601579,-3.6289209101524915
0,3,Unrelated Foil,-4.617922899146098,-3.6289209101524915,0.08352574109298186,0.026544813198024295,-4.617922899146098,-3.6289209101524915
0,2,Unrelated Foil,-5.0431664060196875,-3.8999215402506366,0.08368390038383608,0.02024349968340861,-5.0431664060196875,-3.8999215402506366
0,2,Unrelated Foil,-5.0431664060196875,-3.8999215402506366,0.08368390038383608,0.02024349968340861,-5.0431664060196875,-3.8999215402506366
0,1,Unrelated Foil,-5.785245618053183,-3.617915893449063,0.08434952952539172,0.026838552649875932,-5.785245618053183,-3.617915893449063
1,3,Target,-0.43799623104948254,-0.026903488303935526,0.3083059299299448,0.9734551868019758,-0.43799623104948254,-0.026903488303935526
1,3,Target,-0.43799623104948254,-0.026903488303935526,0.3083059299299448,0.9734551868019758,-0.43799623104948254,-0.026903488303935526
1,3,Target,-0.43799623104948254,-0.026903488303935526,0.3083059299299448,0.9734551868019758,-0.43799623104948254,-0.026903488303935526
1,2,Target,-0.492856063814995,-0.020451207255774408,0.43668653408260927,0.9797565003165913,-0.492856063814995,-0.020451207255774408
1,2,Target,-0.492856063814995,-0.020451207255774408,0.4366865340826093,0.9797565003165913,-0.492856063814995,-0.020451207255774408
1,1,Target,-0.31998016727332507,-0.027205283170913877,0.7398862688118241,0.9731614473501244,-0.31998016727332507,-0.027205283170913877
1,3,Target,-0.43799623104948254,-0.02690348830393564,0.3083059299299448,0.9734551868019757,-0.43799623104948254,-0.02690348830393564
1,3,Target,-0.43799623104948254,-0.02690348830393564,0.3083059299299448,0.9734551868019757,-0.43799623104948254,-0.02690348830393564
1,3,Target,-0.43799623104948254,-0.02690348830393564,0.3083059299299448,0.9734551868019757,-0.43799623104948254,-0.02690348830393564
1,2,Target,-0.492856063814995,-0.020451207255774408,0.43668653408260927,0.9797565003165913,-0.492856063814995,-0.020451207255774408
1,2,Target,-0.492856063814995,-0.020451207255774408,0.4366865340826093,0.9797565003165913,-0.492856063814995,-0.020451207255774408
1,1,Target,-0.31998016727332507,-0.02720528317091422,0.7398862688118241,0.9731614473501241,-0.31998016727332507,-0.02720528317091422
1,3,Related Foil,-2.7494911652405825,-0.026903488303935526,0.02037558092639246,0.9734551868019758,-2.7494911652405825,-0.026903488303935526
1,3,Related Foil,-2.7494911652405825,-0.026903488303935526,0.020375580926392464,0.9734551868019758,-2.7494911652405825,-0.026903488303935526
1,3,Related Foil,-2.7474101051000854,-0.026903488303935526,0.02037017871253576,0.9734551868019758,-2.7474101051000854,-0.026903488303935526
1,2,Related Foil,-3.1601542913187792,-0.020451207255774408,0.01540215840076942,0.9797565003165913,-3.1601542913187792,-0.020451207255774408
1,2,Related Foil,-3.1601542913187792,-0.020451207255774408,0.01540215840076942,0.9797565003165913,-3.1601542913187792,-0.020451207255774408
1,1,Related Foil,-3.854321494259782,-0.027205283170913877,0.020413028612835636,0.9731614473501244,-3.854321494259782,-0.027205283170913877
1,3,Related Foil,-2.7494911652405825,-0.02690348830393564,0.02037558092639246,0.9734551868019757,-2.7494911652405825,-0.02690348830393564
1,3,Related Foil,-2.7494911652405825,-0.02690348830393564,0.020375580926392464,0.9734551868019757,-2.7494911652405825,-0.02690348830393564
1,3,Related Foil,-2.7474101051000854,-0.02690348830393564,0.020370178712535762,0.9734551868019757,-2.7474101051000854,-0.02690348830393564
1,2,Related Foil,-3.1601542913187792,-0.020451207255774408,0.015402158400769419,0.9797565003165913,-3.1601542913187792,-0.020451207255774408
1,2,Related Foil,-3.1601542913187792,-0.020451207255774408,0.01540215840076942,0.9797565003165913,-3.1601542913187792,-0.020451207255774408
1,1,Related Foil,-3.854321494259782,-0.02720528317091422,0.02041302861283564,0.9731614473501241,-3.854321494259782,-0.02720528317091422
1,3,Unrelated Foil,-4.632069815601579,-3.6289209101524915,0.08372385185210128,0.026544813198024295,-4.632069815601579,-3.6289209101524915
1,3,Unrelated Foil,-4.632069815601579,-3.6289209101524915,0.08372385185210128,0.026544813198024295,-4.632069815601579,-3.6289209101524915
1,3,Unrelated Foil,-4.617922899146098,-3.6289209101524915,0.08352574109298187,0.026544813198024295,-4.617922899146098,-3.6289209101524915
1,2,Unrelated Foil,-5.0431664060196875,-3.8999215402506366,0.0836839003838361,0.020243499683408606,-5.0431664060196875,-3.8999215402506366
1,2,Unrelated Foil,-5.0431664060196875,-3.8999215402506366,0.0836839003838361,0.020243499683408606,-5.0431664060196875,-3.8999215402506366
1,1,Unrelated Foil,-5.785245618053183,-3.617915893449063,0.08434952952539174,0.026838552649875932,-5.785245618053183,-3.617915893449063
1,3,Unrelated Foil,-4.632069815601579,-3.6289209101524915,0.08372385185210128,0.026544813198024295,-4.632069815601579,-3.6289209101524915
1,3,Unrelated Foil,-4.632069815601579,-3.6289209101524915,0.08372385185210128,0.026544813198024295,-4.632069815601579,-3.6289209101524915
1,3,Unrelated Foil,-4.617922899146098,-3.6289209101524915,0.08352574109298186,0.026544813198024295,-4.617922899146098,-3.6289209101524915
1,2,Unrelated Foil,-5.0431664060196875,-3.8999215402506366,0.08368390038383608,0.02024349968340861,-5.0431664060196875,-3.8999215402506366
1,2,Unrelated Foil,-5.0431664060196875,-3.8999215402506366,0.08368390038383608,0.02024349968340861,-5.0431664060196875,-3.8999215402506366
1,1,Unrelated Foil,-5.785245618053183,-3.617915893449063,0.08434952952539172,0.026838552649875932,-5.785245618053183,-3.617915893449063
2,3,Target,-0.43800560695718793,-0.026897362237500708,0.30823253792147526,0.9734611502713878,-0.43800560695718793,-0.026897362237500708
2,3,Target,-0.43800560695718793,-0.026897362237500708,0.30823253792147526,0.9734611502713878,-0.43800560695718793,-0.026897362237500708
2,3,Target,-0.43800560695718793,-0.026897362237500708,0.30823253792147526,0.9734611502713878,-0.43800560695718793,-0.026897362237500708
2,2,Target,-0.4969340108755023,-0.013966376134951315,0.293589524054115,0.9861307012310446,-0.4969340108755023,-0.013966376134951315
2,2,Target,-0.23833446467743571,-0.013966376134951315,0.619530605207765,0.9861307012310446,-0.23833446467743571,-0.013966376134951315
2,1,Target,-0.3199919869848555,-0.02718670906625735,0.7393573994383006,0.9731795231205653,-0.3199919869848555,-0.02718670906625735
2,3,Target,-0.43799624503971124,-0.02713591969293573,0.30830586316508,0.973228951553883,-0.43799624503971124,-0.02713591969293573
2,3,Target,-0.43799624503971124,-0.02713591969293573,0.30830586316508,0.973228951553883,-0.43799624503971124,-0.02713591969293573
2,3,Target,-0.43799624503971124,-0.02713591969293573,0.30830586316508,0.973228951553883,-0.43799624503971124,-0.02713591969293573
2,2,Target,-0.4928560749716066,-0.020716156276539725,0.4366864268784713,0.9794969491766725,-0.4928560749716066,-0.020716156276539725
2,2,Target,-0.4928560749716066,-0.020716156276539725,0.43668642687847137,0.9794969491766725,-0.4928560749716066,-0.020716156276539725
2,1,Target,-0.319980184858241,-0.027901982478353824,0.7398857873979993,0.9724836825702697,-0.319980184858241,-0.027901982478353824
2,3,Related Foil,-2.7496086524197008,-0.026897362237500708,0.02037093118990253,0.9734611502713878,-2.7496086524197008,-0.026897362237500708
2,3,Related Foil,-2.799934035273244,-0.026897362237500708,0.020607099105297483,0.9734611502713878,-2.799934035273244,-0.026897362237500708
2,3,Related Foil,-2.7475276453868287,-0.026897362237500708,0.020365530265803754,0.9734611502713878,-2.7475276453868287,-0.026897362237500708
2,2,Related Foil,-3.2282852851828654,-0.013966376134951315,0.010528633233671978,0.9861307012310446,-3.2282852851828654,-0.013966376134951315
2,2,Related Foil,-3.2282852851828654,-0.013966376134951315,0.010528633233671977,0.9861307012310446,-3.2282852851828654,-0.013966376134951315
2,1,Related Foil,-3.854638307052258,-0.02718670906625735,0.02039906370187669,0.9731795231205653,-3.854638307052258,-0.02718670906625735
2,3,Related Foil,-2.749491352841635,-0.02713591969293573,0.02037557671227405,0.973228951553883,-2.749491352841635,-0.02713591969293573
2,3,Related Foil,-2.749491352841635,-0.02713591969293573,0.020375576712274055,0.973228951553883,-2.749491352841635,-0.02713591969293573
2,3,Related Foil,-2.747410292772573,-0.02713591969293573,0.02037017449959094,0.973228951553883,-2.747410292772573,-0.02713591969293573
2,2,Related Foil,-3.1601545659894157,-0.020716156276539725,0.01540215485161978,0.9794969491766725,-3.1601545659894157,-0.020716156276539725
2,2,Related Foil,-3.1601545659894157,-0.020716156276539725,0.01540215485161978,0.9794969491766725,-3.1601545659894157,-0.020716156276539725
2,1,Related Foil,-3.854322021386643,-0.027901982478353824,0.020413015950117887,0.9724836825702697,-3.854322021386643,-0.027901982478353824
2,3,Unrelated Foil,-4.632071314815179,-3.6291455920643325,0.08372319263644022,0.026538849728612444,-4.632071314815179,-3.6291455920643325
2,3,Unrelated Foil,-4.632071314815179,-3.6291455920643325,0.08372319263644022,0.026538849728612444,-4.632071314815179,-3.6291455920643325
2,3,Unrelated Foil,-4.617924403234245,-3.6291455920643325,0.08352508345560802,0.026538849728612444,-4.617924403234245,-3.6291455920643325
2,2,Unrelated Foil,-5.044411418623152,-4.2780776033267225,0.08261425289276787,0.013869298768955516,-5.044411418623152,-4.2780776033267225
2,2,Unrelated Foil,-5.044411418623152,-4.2780776033267225,0.08261425289276787,0.013869298768955516,-5.044411418623152,-4.2780776033267225
2,1,Unrelated Foil,-5.785249715063613,-3.618589620547135,0.08434755998656489,0.026820476879434597,-5.785249715063613,-3.618589620547135
2,3,Unrelated Foil,-4.632941079558196,-3.6204342572516506,0.08300482442863673,0.02677104844611714,-4.632941079558196,-3.6204342572516506
2,3,Unrelated Foil,-4.868076879171415,-3.6204342572516506,0.09159247055220458,0.02677104844611714,-4.868076879171415,-3.6204342572516506
2,3,Unrelated Foil,-4.618797564225536,-3.6204342572516506,0.08280843354792412,0.02677104844611714,-4.618797564225536,-3.6204342572516506
2,2,Unrelated Foil,-5.044411418674993,-3.887181583260356,0.08261425289276789,0.020503050823327314,-5.044411418674993,-3.887181583260356
2,2,Unrelated Foil,-5.044411418674993,-3.887181583260356,0.08261425289276789,0.020503050823327314,-5.044411418674993,-3.887181583260356
2,1,Unrelated Foil,-5.787490150935401,-3.5929760891975846,0.08223731070825004,0.027516317429730465,-5.787490150935401,-3.5929760891975846
3,3,Target,-0.43799623104948254,-0.026903488303935526,0.3083059299299448,0.9734551868019758,-0.43799623104948254,-0.026903488303935526
3,3,Target,-0.43799623104948254,-0.026903488303935526,0.3083059299299448,0.9734551868019758,-0.43799623104948254,-0.026903488303935526
3,3,Target,-0.43799623104948254,-0.026903488303935526,0.3083059299299448,0.9734551868019758,-0.43799623104948254,-0.026903488303935526
3,2,Target,-0.492856063814995,-0.020451207255774408,0.43668653408260927,0.9797565003165913,-0.492856063814995,-0.020451207255774408
3,2,Target,-0.492856063814995,-0.020451207255774408,0.4366865340826093,0.9797565003165913,-0.492856063814995,-0.020451207255774408
3,1,Target,-0.31998016727332507,-0.027205283170913877,0.7398862688118241,0.9731614473501244,-0.31998016727332507,-0.027205283170913877
3,3,Target,-0.43799623104948254,-0.02690348830393564,0.3083059299299448,0.9734551868019757,-0.43799623104948254,-0.02690348830393564
3,3,Target,-0.43799623104948254,-0.02690348830393564,0.3083059299299448,0.9734551868019757,-0.43799623104948254,-0.02690348830393564
3,3,Target,-0.43799623104948254,-0.02690348830393564,0.3083059299299448,0.9734551868019757,-0.43799623104948254,-0.02690348830393564
3,2,Target,-0.492856063814995,-0.020451207255774408,0.4366865340826093,0.9797565003165913,-0.492856063814995,-0.020451207255774408
3,2,Target,-0.492856063814995,-0.020451207255774408,0.43668653408260927,0.9797565003165913,-0.492856063814995,-0.020451207255774408
3,1,Target,-0.31998016727332507,-0.02720528317091422,0.7398862688118241,0.9731614473501241,-0.31998016727332507,-0.02720528317091422
3,3,Related Foil,-2.7494911652405825,-0.026903488303935526,0.02037558092639246,0.9734551868019758,-2.7494911652405825,-0.026903488303935526
3,3,Related Foil,-2.7494911652405825,-0.026903488303935526,0.020375580926392464,0.9734551868019758,-2.7494911652405825,-0.026903488303935526
3,3,Related Foil,-2.7474101051000854,-0.026903488303935526,0.02037017871253576,0.9734551868019758,-2.7474101051000854,-0.026903488303935526
3,2,Related Foil,-3.1601542913187792,-0.020451207255774408,0.01540215840076942,0.9797565003165913,-3.1601542913187792,-0.020451207255774408
3,2,Related Foil,-3.1601542913187792,-0.020451207255774408,0.01540215840076942,0.9797565003165913,-3.1601542913187792,-0.020451207255774408
3,1,Related Foil,-3.854321494259782,-0.027205283170913877,0.020413028612835636,0.9731614473501244,-3.854321494259782,-0.027205283170913877
3,3,Related Foil,-2.7494911652405825,-0.02690348830393564,0.020375580926392464,0.9734551868019757,-2.7494911652405825,-0.02690348830393564
3,3,Related Foil,-2.7494911652405825,-0.02690348830393564,0.02037558092639246,0.9734551868019757,-2.7494911652405825,-0.02690348830393564
3,3,Related Foil,-2.7474101051000854,-0.02690348830393564,0.020370178712535762,0.9734551868019757,-2.7474101051000854,-0.02690348830393564
3,2,Related Foil,-3.1601542913187792,-0.020451207255774408,0.01540215840076942,0.9797565003165913,-3.1601542913187792,-0.020451207255774408
3,2,Related Foil,-3.1601542913187792,-0.020451207255774408,0.01540215840076942,0.9797565003165913,-3.1601542913187792,-0.020451207255774408
3,1,Related Foil,-3.854321494259782,-0.02720528317091422,0.02041302861283564,0.9731614473501241,-3.854321494259782,-0.02720528317091422
3,3,Unrelated Foil,-4.632069815601579,-3.6289209101524915,0.08372385185210128,0.026544813198024295,-4.632069815601579,-3.6289209101524915
3,3,Unrelated Foil,-4.632069815601579,-3.6289209101524915,0.08372385185210128,0.026544813198024295,-4.632069815601579,-3.6289209101524915
3,3,Unrelated Foil,-4.617922899146098,-3.6289209101524915,0.08352574109298187,0.026544813198024295,-4.617922899146098,-3.6289209101524915
3,2,Unrelated Foil,-5.0431664060196875,-3.8999215402506366,0.0836839003838361,0.020243499683408606,-5.0431664060196875,-3.8999215402506366
3,2,Unrelated Foil,-5.0431664060196875,-3.8999215402506366,0.0836839003838361,0.020243499683408606,-5.0431664060196875,-3.8999215402506366
3,1,Unrelated Foil,-5.785245618053183,-3.617915893449063,0.08434952952539175,0.026838552649875932,-5.785245618053183,-3.617915893449063
3,3,Unrelated Foil,-4.632069815601579,-3.6289209101524915,0.08372385185210128,0.026544813198024295,-4.632069815601579,-3.6289209101524915
3,3,Unrelated Foil,-4.632069815601579,-3.6289209101524915,0.08372385185210128,0.026544813198024295,-4.632069815601579,-3.6289209101524915
3,3,Unrelated Foil,-4.617922899146098,-3.6289209101524915,0.08352574109298186,0.026544813198024295,-4.617922899146098,-3.6289209101524915
3,2,Unrelated Foil,-5.0431664060196875,-3.8999215402506366,0.08368390038383608,0.02024349968340861,-5.0431664060196875,-3.8999215402506366
3,2,Unrelated Foil,-5.0431664060196875,-3.8999215402506366,0.08368390038383608,0.02024349968340861,-5.0431664060196875,-3.8999215402506366
3,1,Unrelated Foil,-5.785245618053183,-3.617915893449063,0.08434952952539172,0.026838552649875932,-5.785245618053183,-3.617915893449063
4,3,Target,-0.43799623104948254,-0.02690348830393564,0.3083059299299448,0.9734551868019757,-0.43799623104948254,-0.02690348830393564
4,3,Target,-0.43799623104948254,-0.02690348830393564,0.3083059299299448,0.9734551868019757,-0.43799623104948254,-0.02690348830393564
4,3,Target,-0.43799623104948254,-0.02690348830393564,0.3083059299299448,0.9734551868019757,-0.43799623104948254,-0.02690348830393564
4,2,Target,-0.492856063814995,-0.020451207255774408,0.43668653408260927,0.9797565003165913,-0.492856063814995,-0.020451207255774408
4,2,Target,-0.492856063814995,-0.020451207255774408,0.4366865340826093,0.9797565003165913,-0.492856063814995,-0.020451207255774408
4,1,Target,-0.31998016727332507,-0.02720528317091422,0.7398862688118241,0.9731614473501241,-0.31998016727332507,-0.02720528317091422
4,3,Target,-0.43799623104948254,-0.02690348830393564,0.3083059299299448,0.9734551868019757,-0.43799623104948254,-0.02690348830393564
4,3,Target,-0.43799623104948254,-0.02690348830393564,0.3083059299299448,0.9734551868019757,-0.43799623104948254,-0.02690348830393564
4,3,Target,-0.43799623104948254,-0.02690348830393564,0.3083059299299448,0.9734551868019757,-0.43799623104948254,-0.02690348830393564
4,2,Target,-0.492856063814995,-0.020451207255774408,0.4366865340826093,0.9797565003165913,-0.492856063814995,-0.020451207255774408
4,2,Target,-0.492856063814995,-0.020451207255774408,0.43668653408260927,0.9797565003165913,-0.492856063814995,-0.020451207255774408
4,1,Target,-0.31998016727332507,-0.02720528317091422,0.7398862688118241,0.9731614473501241,-0.31998016727332507,-0.02720528317091422
4,3,Related Foil,-2.7494911652405825,-0.02690348830393564,0.02037558092639246,0.9734551868019757,-2.7494911652405825,-0.02690348830393564
4,3,Related Foil,-2.7494911652405825,-0.02690348830393564,0.020375580926392464,0.9734551868019757,-2.7494911652405825,-0.02690348830393564
4,3,Related Foil,-2.7474101051000854,-0.02690348830393564,0.020370178712535762,0.9734551868019757,-2.7474101051000854,-0.02690348830393564
4,2,Related Foil,-3.1601542913187792,-0.020451207255774408,0.015402158400769419,0.9797565003165913,-3.1601542913187792,-0.020451207255774408
4,2,Related Foil,-3.1601542913187792,-0.020451207255774408,0.01540215840076942,0.9797565003165913,-3.1601542913187792,-0.020451207255774408
4,1,Related Foil,-3.854321494259782,-0.02720528317091422,0.02041302861283564,0.9731614473501241,-3.854321494259782,-0.02720528317091422
4,3,Related Foil,-2.7494911652405825,-0.02690348830393564,0.020375580926392464,0.9734551868019757,-2.7494911652405825,-0.02690348830393564
4,3,Related Foil,-2.7494911652405825,-0.02690348830393564,0.02037558092639246,0.9734551868019757,-2.7494911652405825,-0.02690348830393564
4,3,Related Foil,-2.7474101051000854,-0.02690348830393564,0.020370178712535762,0.9734551868019757,-2.7474101051000854,-0.02690348830393564
4,2,Related Foil,-3.1601542913187792,-0.020451207255774408,0.01540215840076942,0.9797565003165913,-3.1601542913187792,-0.020451207255774408
4,2,Related Foil,-3.1601542913187792,-0.020451207255774408,0.015402158400769419,0.9797565003165913,-3.1601542913187792,-0.020451207255774408
4,1,Related Foil,-3.854321494259782,-0.02720528317091422,0.02041302861283564,0.9731614473501241,-3.854321494259782,-0.02720528317091422
4,3,Unrelated Foil,-4.632069815601579,-3.6289209101524915,0.08372385185210128,0.026544813198024295,-4.632069815601579,-3.6289209101524915
4,3,Unrelated Foil,-4.632069815601579,-3.6289209101524915,0.08372385185210128,0.026544813198024295,-4.632069815601579,-3.6289209101524915
4,3,Unrelated Foil,-4.617922899146098,-3.6289209101524915,0.08352574109298186,0.026544813198024295,-4.617922899146098,-3.6289209101524915
4,2,Unrelated Foil,-5.0431664060196875,-3.8999215402506366,0.08368390038383608,0.02024349968340861,-5.0431664060196875,-3.8999215402506366
4,2,Unrelated Foil,-5.0431664060196875,-3.8999215402506366,0.08368390038383608,0.02024349968340861,-5.0431664060196875,-3.8999215402506366
4,1,Unrelated Foil,-5.785245618053183,-3.617915893449063,0.08434952952539171,0.026838552649875932,-5.785245618053183,-3.617915893449063
4,3,Unrelated Foil,-4.632069815601579,-3.6289209101524915,0.08372385185210128,0.026544813198024295,-4.632069815601579,-3.6289209101524915
4,3,Unrelated Foil,-4.632069815601579,-3.6289209101524915,0.08372385185210128,0.026544813198024295,-4.632069815601579,-3.6289209101524915
4,3,Unrelated Foil,-4.617922899146098,-3.6289209101524915,0.08352574109298186,0.026544813198024295,-4.617922899146098,-3.6289209101524915
4,2,Unrelated Foil,-5.0431664060196875,-3.8999215402506366,0.08368390038383608,0.02024349968340861,-5.0431664060196875,-3.8999215402506366
4,2,Unrelated Foil,-5.0431664060196875,-3.8999215402506366,0.08368390038383608,0.02024349968340861,-5.0431664060196875,-3.8999215402506366
4,1,Unrelated Foil,-5.785245618053183,-3.617915893449063,0.08434952952539171,0.026838552649875932,-5.785245618053183,-3.617915893449063
5,3,Target,-0.43799623104948254,-0.026903488303935526,0.3083059299299448,0.9734551868019758,-0.43799623104948254,-0.026903488303935526
5,3,Target,-0.43799623104948254,-0.026903488303935526,0.3083059299299448,0.9734551868019758,-0.43799623104948254,-0.026903488303935526
5,3,Target,-0.43799623104948254,-0.026903488303935526,0.3083059299299448,0.9734551868019758,-0.43799623104948254,-0.026903488303935526
5,2,Target,-0.492856063814995,-0.020451207255774408,0.43668653408260927,0.9797565003165913,-0.492856063814995,-0.020451207255774408
5,2,Target,-0.492856063814995,-0.020451207255774408,0.4366865340826093,0.9797565003165913,-0.492856063814995,-0.020451207255774408
5,1,Target,-0.31998016727332507,-0.027205283170913877,0.7398862688118241,0.9731614473501244,-0.31998016727332507,-0.027205283170913877
5,3,Target,-0.43799623104948254,-0.02690348830393564,0.3083059299299448,0.9734551868019757,-0.43799623104948254,-0.02690348830393564
5,3,Target,-0.43799623104948254,-0.02690348830393564,0.3083059299299448,0.9734551868019757,-0.43799623104948254,-0.02690348830393564
5,3,Target,-0.43799623104948254,-0.02690348830393564,0.3083059299299448,0.9734551868019757,-0.43799623104948254,-0.02690348830393564
5,2,Target,-0.492856063814995,-0.020451207255774408,0.4366865340826093,0.9797565003165913,-0.492856063814995,-0.020451207255774408
5,2,Target,-0.492856063814995,-0.020451207255774408,0.43668653408260927,0.9797565003165913,-0.492856063814995,-0.020451207255774408
5,1,Target,-0.31998016727332507,-0.02720528317091422,0.7398862688118241,0.9731614473501241,-0.31998016727332507,-0.02720528317091422
5,3,Related Foil,-2.7494911652405825,-0.026903488303935526,0.02037558092639246,0.9734551868019758,-2.7494911652405825,-0.026903488303935526
5,3,Related Foil,-2.7494911652405825,-0.026903488303935526,0.020375580926392464,0.9734551868019758,-2.7494911652405825,-0.026903488303935526
5,3,Related Foil,-2.7474101051000854,-0.026903488303935526,0.02037017871253576,0.9734551868019758,-2.7474101051000854,-0.026903488303935526
5,2,Related Foil,-3.1601542913187792,-0.020451207255774408,0.015402158400769419,0.9797565003165913,-3.1601542913187792,-0.020451207255774408
5,2,Related Foil,-3.1601542913187792,-0.020451207255774408,0.01540215840076942,0.9797565003165913,-3.1601542913187792,-0.020451207255774408
5,1,Related Foil,-3.854321494259782,-0.027205283170913877,0.020413028612835636,0.9731614473501244,-3.854321494259782,-0.027205283170913877
5,3,Related Foil,-2.7494911652405825,-0.02690348830393564,0.020375580926392464,0.9734551868019757,-2.7494911652405825,-0.02690348830393564
5,3,Related Foil,-2.7494911652405825,-0.02690348830393564,0.02037558092639246,0.9734551868019757,-2.7494911652405825,-0.02690348830393564
5,3,Related Foil,-2.7474101051000854,-0.02690348830393564,0.020370178712535762,0.9734551868019757,-2.7474101051000854,-0.02690348830393564
5,2,Related Foil,-3.1601542913187792,-0.020451207255774408,0.015402158400769419,0.9797565003165913,-3.1601542913187792,-0.020451207255774408
5,2,Related Foil,-3.1601542913187792,-0.020451207255774408,0.01540215840076942,0.9797565003165913,-3.1601542913187792,-0.020451207255774408
5,1,Related Foil,-3.854321494259782,-0.02720528317091422,0.02041302861283564,0.9731614473501241,-3.854321494259782,-0.02720528317091422
5,3,Unrelated Foil,-4.632069815601579,-3.6289209101524915,0.08372385185210128,0.026544813198024295,-4.632069815601579,-3.6289209101524915
5,3,Unrelated Foil,-4.632069815601579,-3.6289209101524915,0.08372385185210128,0.026544813198024295,-4.632069815601579,-3.6289209101524915
5,3,Unrelated Foil,-4.617922899146098,-3.6289209101524915,0.08352574109298187,0.026544813198024295,-4.617922899146098,-3.6289209101524915
5,2,Unrelated Foil,-5.0431664060196875,-3.8999215402506366,0.0836839003838361,0.020243499683408606,-5.0431664060196875,-3.8999215402506366
5,2,Unrelated Foil,-5.0431664060196875,-3.8999215402506366,0.0836839003838361,0.020243499683408606,-5.0431664060196875,-3.8999215402506366
5,1,Unrelated Foil,-5.785245618053183,-3.617915893449063,0.08434952952539174,0.026838552649875932,-5.785245618053183,-3.617915893449063
5,3,Unrelated Foil,-4.632069815601579,-3.6289209101524915,0.08372385185210128,0.026544813198024295,-4.632069815601579,-3.6289209101524915
5,3,Unrelated Foil,-4.632069815601579,-3.6289209101524915,0.08372385185210128,0.026544813198024295,-4.632069815601579,-3.6289209101524915
5,3,Unrelated Foil,-4.617922899146098,-3.6289209101524915,0.08352574109298186,0.026544813198024295,-4.617922899146098,-3.6289209101524915
5,2,Unrelated Foil,-5.0431664060196875,-3.8999215402506366,0.08368390038383608,0.02024349968340861,-5.0431664060196875,-3.8999215402506366
5,2,Unrelated Foil,-5.0431664060196875,-3.8999215402506366,0.08368390038383608,0.02024349968340861,-5.0431664060196875,-3.8999215402506366
5,1,Unrelated Foil,-5.785245618053183,-3.617915893449063,0.08434952952539171,0.026838552649875932,-5.785245618053183,-3.617915893449063
6,3,Target,-0.44141066922882327,-0.035956875779755176,0.30595940751587203,0.9646818937405791,-0.44141066922882327,-0.035956875779755176
6,3,Target,-0.44141066922882327,-0.035956875779755176,0.30595940751587203,0.9646818937405791,-0.44141066922882327,-0.035956875779755176
6,3,Target,-0.44141066922882327,-0.035956875779755176,0.30595940751587203,0.9646818937405791,-0.44141066922882327,-0.035956875779755176
6,2,Target,-0.4907089903752197,-0.02203940518600795,0.43718915613896275,0.9782016880722678,-0.4907089903752197,-0.02203940518600795
6,2,Target,-0.4907089903752197,-0.02203940518600795,0.4371891561389628,0.9782016880722678,-0.4907089903752197,-0.02203940518600795
6,1,Target,-0.31728152800382514,-0.02963707173043871,0.741622327660392,0.9707977995864876,-0.31728152800382514,-0.02963707173043871
6,3,Target,-0.4400594494259338,-0.02684888261204455,0.3082900055737871,0.9735083444473178,-0.4400594494259338,-0.02684888261204455
6,3,Target,-0.4400594494259338,-0.02684888261204455,0.3082900055737871,0.9735083444473178,-0.4400594494259338,-0.02684888261204455
6,3,Target,-0.4400594494259338,-0.02684888261204455,0.3082900055737871,0.9735083444473178,-0.4400594494259338,-0.02684888261204455
6,2,Target,-0.49412438137770537,-0.020305324923143086,0.4377898263675172,0.9798994399061951,-0.49412438137770537,-0.020305324923143086
6,2,Target,-0.49412438137770537,-0.020305324923143086,0.4377898263675172,0.9798994399061951,-0.49412438137770537,-0.020305324923143086
6,1,Target,-0.16698823269411311,-0.035698248128191924,0.8418324693303002,0.9649314194189921,-0.16698823269411311,-0.035698248128191924
6,3,Related Foil,-2.8046791586887165,-0.035956875779755176,0.019845312594150774,0.9646818937405791,-2.8046791586887165,-0.035956875779755176
6,3,Related Foil,-2.8046791586887165,-0.035956875779755176,0.019845312594150774,0.9646818937405791,-2.8046791586887165,-0.035956875779755176
6,3,Related Foil,-2.802520273255282,-0.035956875779755176,0.019839815607391703,0.9646818937405791,-2.802520273255282,-0.035956875779755176
6,2,Related Foil,-3.215612079648168,-0.02203940518600795,0.014782931149355511,0.9782016880722678,-3.215612079648168,-0.02203940518600795
6,2,Related Foil,-3.215612079648168,-0.02203940518600795,0.014782931149355511,0.9782016880722678,-3.215612079648168,-0.02203940518600795
6,1,Related Foil,-3.9096700723399787,-0.02963707173043871,0.01960978000170394,0.9707977995864876,-3.9096700723399787,-0.02963707173043871
6,3,Related Foil,-2.71206745114199,-0.02684888261204455,0.020948973463544112,0.9735083444473178,-2.71206745114199,-0.02684888261204455
6,3,Related Foil,-2.71206745114199,-0.02684888261204455,0.020948973463544112,0.9735083444473178,-2.71206745114199,-0.02684888261204455
6,3,Related Foil,-2.8731093514881567,-0.02684888261204455,0.01929781569415516,0.9735083444473178,-2.8731093514881567,-0.02684888261204455
6,2,Related Foil,-3.122764710578014,-0.020305324923143086,0.015753518517645646,0.9798994399061951,-3.122764710578014,-0.020305324923143086
6,2,Related Foil,-3.122764710578014,-0.020305324923143086,0.01575351851764565,0.9798994399061951,-3.122764710578014,-0.020305324923143086
6,1,Related Foil,-4.0323682127240845,-0.035698248128191924,0.012216680183176938,0.9649314194189921,-4.0323682127240845,-0.035698248128191924
6,3,Unrelated Foil,-4.634429604331203,-3.3433595213479914,0.06347106597387377,0.035318106259420855,-4.634429604331203,-3.3433595213479914
6,3,Unrelated Foil,-4.634429604331203,-3.3433595213479914,0.06347106597387377,0.035318106259420855,-4.634429604331203,-3.3433595213479914
6,3,Unrelated Foil,-5.026464909434719,-3.3433595213479914,0.07612862073241045,0.035318106259420855,-5.026464909434719,-3.3433595213479914
6,2,Unrelated Foil,-5.044622949377988,-3.825922746692979,0.07781106907604157,0.021798311927732603,-5.044622949377988,-3.825922746692979
6,2,Unrelated Foil,-5.044622949377988,-3.825922746692979,0.07781106907604157,0.021798311927732603,-5.044622949377988,-3.825922746692979
6,1,Unrelated Foil,-5.787750791662728,-3.5335112159199324,0.07763109278970441,0.029202200413512385,-5.787750791662728,-3.5335112159199324
6,3,Unrelated Foil,-4.631979694001663,-3.6309254803810362,0.08372370816083292,0.026491655552682184,-4.631979694001663,-3.6309254803810362
6,3,Unrelated Foil,-4.631979694001663,-3.6309254803810362,0.08372370816083292,0.026491655552682184,-4.631979694001663,-3.6309254803810362
6,3,Unrelated Foil,-4.617832403771093,-3.6309254803810362,0.0835255952368518,0.026491655552682184,-4.617832403771093,-3.6309254803810362
6,2,Unrelated Foil,-5.042241918067262,-3.907007598941911,0.08366990251154216,0.020100560093804908,-5.042241918067262,-3.907007598941911
6,2,Unrelated Foil,-5.042241918067262,-3.907007598941911,0.08366990251154216,0.020100560093804908,-5.042241918067262,-3.907007598941911
6,1,Unrelated Foil,-5.070694713157617,-3.350449689529722,0.17934908034626446,0.03506858058100798,-5.070694713157617,-3.350449689529722
7,3,Target,-0.43799623104948254,-0.02690348830393564,0.3083059299299448,0.9734551868019757,-0.43799623104948254,-0.02690348830393564
7,3,Target,-0.43799623104948254,-0.02690348830393564,0.3083059299299448,0.9734551868019757,-0.43799623104948254,-0.02690348830393564
7,3,Target,-0.43799623104948254,-0.02690348830393564,0.3083059299299448,0.9734551868019757,-0.43799623104948254,-0.02690348830393564
7,2,Target,-0.492856063814995,-0.020451207255774408,0.4366865340826093,0.9797565003165913,-0.492856063814995,-0.020451207255774408
7,2,Target,-0.492856063814995,-0.020451207255774408,0.43668653408260927,0.9797565003165913,-0.492856063814995,-0.020451207255774408
7,1,Target,-0.31998016727332507,-0.02720528317091422,0.7398862688118241,0.9731614473501241,-0.31998016727332507,-0.02720528317091422
7,3,Target,-0.43799623104948254,-0.02690348830393564,0.3083059299299448,0.9734551868019757,-0.43799623104948254,-0.02690348830393564
7,3,Target,-0.43799623104948254,-0.02690348830393564,0.3083059299299448,0.9734551868019757,-0.43799623104948254,-0.02690348830393564
7,3,Target,-0.43799623104948254,-0.02690348830393564,0.3083059299299448,0.9734551868019757,-0.43799623104948254,-0.02690348830393564
7,2,Target,-0.492856063814995,-0.020451207255774408,0.43668653408260927,0.9797565003165913,-0.492856063814995,-0.020451207255774408
7,2,Target,-0.492856063814995,-0.020451207255774408,0.4366865340826093,0.9797565003165913,-0.492856063814995,-0.020451207255774408
7,1,Target,-0.31998016727332507,-0.02720528317091422,0.7398862688118241,0.9731614473501241,-0.31998016727332507,-0.02720528317091422
7,3,Related Foil,-2.7494911652405825,-0.02690348830393564,0.020375580926392464,0.9734551868019757,-2.7494911652405825,-0.02690348830393564
7,3,Related Foil,-2.7494911652405825,-0.02690348830393564,0.02037558092639246,0.9734551868019757,-2.7494911652405825,-0.02690348830393564
7,3,Related Foil,-2.7474101051000854,-0.02690348830393564,0.020370178712535762,0.9734551868019757,-2.7474101051000854,-0.02690348830393564
7,2,Related Foil,-3.1601542913187792,-0.020451207255774408,0.01540215840076942,0.9797565003165913,-3.1601542913187792,-0.020451207255774408
7,2,Related Foil,-3.1601542913187792,-0.020451207255774408,0.01540215840076942,0.9797565003165913,-3.1601542913187792,-0.020451207255774408
7,1,Related Foil,-3.854321494259782,-0.02720528317091422,0.02041302861283564,0.9731614473501241,-3.854321494259782,-0.02720528317091422
7,3,Related Foil,-2.7494911652405825,-0.02690348830393564,0.02037558092639246,0.9734551868019757,-2.7494911652405825,-0.02690348830393564
7,3,Related Foil,-2.7494911652405825,-0.02690348830393564,0.020375580926392464,0.9734551868019757,-2.7494911652405825,-0.02690348830393564
7,3,Related Foil,-2.7474101051000854,-0.02690348830393564,0.020370178712535762,0.9734551868019757,-2.7474101051000854,-0.02690348830393564
7,2,Related Foil,-3.1601542913187792,-0.020451207255774408,0.01540215840076942,0.9797565003165913,-3.1601542913187792,-0.020451207255774408
7,2,Related Foil,-3.1601542913187792,-0.020451207255774408,0.015402158400769419,0.9797565003165913,-3.1601542913187792,-0.020451207255774408
7,1,Related Foil,-3.854321494259782,-0.02720528317091422,0.02041302861283564,0.9731614473501241,-3.854321494259782,-0.02720528317091422
7,3,Unrelated Foil,-4.632069815601579,-3.6289209101524915,0.08372385185210128,0.026544813198024295,-4.632069815601579,-3.6289209101524915
7,3,Unrelated Foil,-4.632069815601579,-3.6289209101524915,0.08372385185210128,0.026544813198024295,-4.632069815601579,-3.6289209101524915
7,3,Unrelated Foil,-4.617922899146098,-3.6289209101524915,0.08352574109298186,0.026544813198024295,-4.617922899146098,-3.6289209101524915
7,2,Unrelated Foil,-5.0431664060196875,-3.8999215402506366,0.08368390038383608,0.02024349968340861,-5.0431664060196875,-3.8999215402506366
7,2,Unrelated Foil,-5.0431664060196875,-3.8999215402506366,0.08368390038383608,0.02024349968340861,-5.0431664060196875,-3.8999215402506366
7,1,Unrelated Foil,-5.785245618053183,-3.617915893449063,0.08434952952539171,0.026838552649875932,-5.785245618053183,-3.617915893449063
7,3,Unrelated Foil,-4.632069815601579,-3.6289209101524915,0.08372385185210128,0.026544813198024295,-4.632069815601579,-3.6289209101524915
7,3,Unrelated Foil,-4.632069815601579,-3.6289209101524915,0.08372385185210128,0.026544813198024295,-4.632069815601579,-3.6289209101524915
7,3,Unrelated Foil,-4.617922899146098,-3.6289209101524915,0.08352574109298186,0.026544813198024295,-4.617922899146098,-3.6289209101524915
7,2,Unrelated Foil,-5.0431664060196875,-3.8999215402506366,0.08368390038383608,0.02024349968340861,-5.0431664060196875,-3.8999215402506366
7,2,Unrelated Foil,-5.0431664060196875,-3.8999215402506366,0.08368390038383608,0.02024349968340861,-5.0431664060196875,-3.8999215402506366
7,1,Unrelated Foil,-5.785245618053183,-3.617915893449063,0.08434952952539172,0.026838552649875932,-5.785245618053183,-3.617915893449063
8,3,Target,-0.43799623104948254,-0.026903488303935526,0.3083059299299448,0.9734551868019758,-0.43799623104948254,-0.026903488303935526
8,3,Target,-0.43799623104948254,-0.026903488303935526,0.3083059299299448,0.9734551868019758,-0.43799623104948254,-0.026903488303935526
8,3,Target,-0.43799623104948254,-0.026903488303935526,0.3083059299299448,0.9734551868019758,-0.43799623104948254,-0.026903488303935526
8,2,Target,-0.492856063814995,-0.020451207255774408,0.4366865340826093,0.9797565003165913,-0.492856063814995,-0.020451207255774408
8,2,Target,-0.492856063814995,-0.020451207255774408,0.43668653408260927,0.9797565003165913,-0.492856063814995,-0.020451207255774408
8,1,Target,-0.31998016727332507,-0.027205283170913877,0.7398862688118241,0.9731614473501244,-0.31998016727332507,-0.027205283170913877
8,3,Target,-0.43799623104948254,-0.02690348830393564,0.3083059299299448,0.9734551868019757,-0.43799623104948254,-0.02690348830393564
8,3,Target,-0.43799623104948254,-0.02690348830393564,0.3083059299299448,0.9734551868019757,-0.43799623104948254,-0.02690348830393564
8,3,Target,-0.43799623104948254,-0.02690348830393564,0.3083059299299448,0.9734551868019757,-0.43799623104948254,-0.02690348830393564
8,2,Target,-0.492856063814995,-0.020451207255774408,0.43668653408260927,0.9797565003165913,-0.492856063814995,-0.020451207255774408
8,2,Target,-0.492856063814995,-0.020451207255774408,0.4366865340826093,0.9797565003165913,-0.492856063814995,-0.020451207255774408
8,1,Target,-0.31998016727332507,-0.02720528317091422,0.7398862688118241,0.9731614473501241,-0.31998016727332507,-0.02720528317091422
8,3,Related Foil,-2.7494911652405825,-0.026903488303935526,0.020375580926392464,0.9734551868019758,-2.7494911652405825,-0.026903488303935526
8,3,Related Foil,-2.7494911652405825,-0.026903488303935526,0.02037558092639246,0.9734551868019758,-2.7494911652405825,-0.026903488303935526
8,3,Related Foil,-2.7474101051000854,-0.026903488303935526,0.02037017871253576,0.9734551868019758,-2.7474101051000854,-0.026903488303935526
8,2,Related Foil,-3.1601542913187792,-0.020451207255774408,0.015402158400769419,0.9797565003165913,-3.1601542913187792,-0.020451207255774408
8,2,Related Foil,-3.1601542913187792,-0.020451207255774408,0.01540215840076942,0.9797565003165913,-3.1601542913187792,-0.020451207255774408
8,1,Related Foil,-3.854321494259782,-0.027205283170913877,0.020413028612835636,0.9731614473501244,-3.854321494259782,-0.027205283170913877
8,3,Related Foil,-2.7494911652405825,-0.02690348830393564,0.02037558092639246,0.9734551868019757,-2.7494911652405825,-0.02690348830393564
8,3,Related Foil,-2.7494911652405825,-0.02690348830393564,0.020375580926392464,0.9734551868019757,-2.7494911652405825,-0.02690348830393564
8,3,Related Foil,-2.7474101051000854,-0.02690348830393564,0.020370178712535762,0.9734551868019757,-2.7474101051000854,-0.02690348830393564
8,2,Related Foil,-3.1601542913187792,-0.020451207255774408,0.015402158400769419,0.9797565003165913,-3.1601542913187792,-0.020451207255774408
8,2,Related Foil,-3.1601542913187792,-0.020451207255774408,0.01540215840076942,0.9797565003165913,-3.1601542913187792,-0.020451207255774408
8,1,Related Foil,-3.854321494259782,-0.02720528317091422,0.02041302861283564,0.9731614473501241,-3.854321494259782,-0.02720528317091422
8,3,Unrelated Foil,-4.632069815601579,-3.6289209101524915,0.08372385185210128,0.026544813198024295,-4.632069815601579,-3.6289209101524915
8,3,Unrelated Foil,-4.632069815601579,-3.6289209101524915,0.08372385185210128,0.026544813198024295,-4.632069815601579,-3.6289209101524915
8,3,Unrelated Foil,-4.617922899146098,-3.6289209101524915,0.08352574109298187,0.026544813198024295,-4.617922899146098,-3.6289209101524915
8,2,Unrelated Foil,-5.0431664060196875,-3.8999215402506366,0.0836839003838361,0.020243499683408606,-5.0431664060196875,-3.8999215402506366
8,2,Unrelated Foil,-5.0431664060196875,-3.8999215402506366,0.0836839003838361,0.020243499683408606,-5.0431664060196875,-3.8999215402506366
8,1,Unrelated Foil,-5.785245618053183,-3.617915893449063,0.08434952952539174,0.026838552649875932,-5.785245618053183,-3.617915893449063
8,3,Unrelated Foil,-4.632069815601579,-3.6289209101524915,0.08372385185210128,0.026544813198024295,-4.632069815601579,-3.6289209101524915
8,3,Unrelated Foil,-4.632069815601579,-3.6289209101524915,0.08372385185210128,0.026544813198024295,-4.632069815601579,-3.6289209101524915
8,3,Unrelated Foil,-4.617922899146098,-3.6289209101524915,0.08352574109298186,0.026544813198024295,-4.617922899146098,-3.6289209101524915
8,2,Unrelated Foil,-5.0431664060196875,-3.8999215402506366,0.08368390038383608,0.02024349968340861,-5.0431664060196875,-3.8999215402506366
8,2,Unrelated Foil,-5.0431664060196875,-3.8999215402506366,0.08368390038383608,0.02024349968340861,-5.0431664060196875,-3.8999215402506366
8,1,Unrelated Foil,-5.785245618053183,-3.617915893449063,0.08434952952539171,0.026838552649875932,-5.785245618053183,-3.617915893449063
9,3,Target,-0.43799623104948254,-0.026903488303935526,0.3083059299299448,0.9734551868019758,-0.43799623104948254,-0.026903488303935526
9,3,Target,-0.43799623104948254,-0.026903488303935526,0.3083059299299448,0.9734551868019758,-0.43799623104948254,-0.026903488303935526
9,3,Target,-0.43799623104948254,-0.026903488303935526,0.3083059299299448,0.9734551868019758,-0.43799623104948254,-0.026903488303935526
9,2,Target,-0.492856063814995,-0.020451207255774408,0.43668653408260927,0.9797565003165913,-0.492856063814995,-0.020451207255774408
9,2,Target,-0.492856063814995,-0.020451207255774408,0.4366865340826093,0.9797565003165913,-0.492856063814995,-0.020451207255774408
9,1,Target,-0.31998016727332507,-0.027205283170913877,0.7398862688118241,0.9731614473501244,-0.31998016727332507,-0.027205283170913877
9,3,Target,-0.43799623104948254,-0.02690348830393564,0.3083059299299448,0.9734551868019757,-0.43799623104948254,-0.02690348830393564
9,3,Target,-0.43799623104948254,-0.02690348830393564,0.3083059299299448,0.9734551868019757,-0.43799623104948254,-0.02690348830393564
9,3,Target,-0.43799623104948254,-0.02690348830393564,0.3083059299299448,0.9734551868019757,-0.43799623104948254,-0.02690348830393564
9,2,Target,-0.492856063814995,-0.020451207255774408,0.4366865340826093,0.9797565003165913,-0.492856063814995,-0.020451207255774408
9,2,Target,-0.492856063814995,-0.020451207255774408,0.43668653408260927,0.9797565003165913,-0.492856063814995,-0.020451207255774408
9,1,Target,-0.31998016727332507,-0.02720528317091422,0.7398862688118241,0.9731614473501241,-0.31998016727332507,-0.02720528317091422
9,3,Related Foil,-2.7494911652405825,-0.026903488303935526,0.02037558092639246,0.9734551868019758,-2.7494911652405825,-0.026903488303935526
9,3,Related Foil,-2.7494911652405825,-0.026903488303935526,0.020375580926392464,0.9734551868019758,-2.7494911652405825,-0.026903488303935526
9,3,Related Foil,-2.7474101051000854,-0.026903488303935526,0.02037017871253576,0.9734551868019758,-2.7474101051000854,-0.026903488303935526
9,2,Related Foil,-3.1601542913187792,-0.020451207255774408,0.01540215840076942,0.9797565003165913,-3.1601542913187792,-0.020451207255774408
9,2,Related Foil,-3.1601542913187792,-0.020451207255774408,0.015402158400769419,0.9797565003165913,-3.1601542913187792,-0.020451207255774408
9,1,Related Foil,-3.854321494259782,-0.027205283170913877,0.020413028612835636,0.9731614473501244,-3.854321494259782,-0.027205283170913877
9,3,Related Foil,-2.7494911652405825,-0.02690348830393564,0.020375580926392464,0.9734551868019757,-2.7494911652405825,-0.02690348830393564
9,3,Related Foil,-2.7494911652405825,-0.02690348830393564,0.02037558092639246,0.9734551868019757,-2.7494911652405825,-0.02690348830393564
9,3,Related Foil,-2.7474101051000854,-0.02690348830393564,0.020370178712535762,0.9734551868019757,-2.7474101051000854,-0.02690348830393564
9,2,Related Foil,-3.1601542913187792,-0.020451207255774408,0.01540215840076942,0.9797565003165913,-3.1601542913187792,-0.020451207255774408
9,2,Related Foil,-3.1601542913187792,-0.020451207255774408,0.015402158400769419,0.9797565003165913,-3.1601542913187792,-0.020451207255774408
9,1,Related Foil,-3.854321494259782,-0.02720528317091422,0.02041302861283564,0.9731614473501241,-3.854321494259782,-0.02720528317091422
9,3,Unrelated Foil,-4.632069815601579,-3.6289209101524915,0.08372385185210128,0.026544813198024295,-4.632069815601579,-3.6289209101524915
9,3,Unrelated Foil,-4.632069815601579,-3.6289209101524915,0.08372385185210128,0.026544813198024295,-4.632069815601579,-3.6289209101524915
9,3,Unrelated Foil,-4.617922899146098,-3.6289209101524915,0.08352574109298187,0.026544813198024295,-4.617922899146098,-3.6289209101524915
9,2,Unrelated Foil,-5.0431664060196875,-3.8999215402506366,0.0836839003838361,0.020243499683408606,-5.0431664060196875,-3.8999215402506366
9,2,Unrelated Foil,-5.0431664060196875,-3.8999215402506366,0.0836839003838361,0.020243499683408606,-5.0431664060196875,-3.8999215402506366
9,1,Unrelated Foil,-5.785245618053183,-3.617915893449063,0.08434952952539174,0.026838552649875932,-5.785245618053183,-3.617915893449063
9,3,Unrelated Foil,-4.632069815601579,-3.6289209101524915,0.08372385185210128,0.026544813198024295,-4.632069815601579,-3.6289209101524915
9,3,Unrelated Foil,-4.632069815601579,-3.6289209101524915,0.08372385185210128,0.026544813198024295,-4.632069815601579,-3.6289209101524915
9,3,Unrelated Foil,-4.617922899146098,-3.6289209101524915,0.08352574109298186,0.026544813198024295,-4.617922899146098,-3.6289209101524915
9,2,Unrelated Foil,-5.0431664060196875,-3.8999215402506366,0.08368390038383608,0.02024349968340861,-5.0431664060196875,-3.8999215402506366
9,2,Unrelated Foil,-5.0431664060196875,-3.8999215402506366,0.08368390038383608,0.02024349968340861,-5.0431664060196875,-3.8999215402506366
9,1,Unrelated Foil,-5.785245618053183,-3.617915893449063,0.08434952952539171,0.026838552649875932,-5.785245618053183,-3.617915893449063
10,3,Target,-0.43799623104948254,-0.02690348830393564,0.3083059299299448,0.9734551868019757,-0.43799623104948254,-0.02690348830393564
10,3,Target,-0.43799623104948254,-0.02690348830393564,0.3083059299299448,0.9734551868019757,-0.43799623104948254,-0.02690348830393564
10,3,Target,-0.43799623104948254,-0.02690348830393564,0.3083059299299448,0.9734551868019757,-0.43799623104948254,-0.02690348830393564
10,2,Target,-0.492856063814995,-0.020451207255774408,0.43668653408260927,0.9797565003165913,-0.492856063814995,-0.020451207255774408
10,2,Target,-0.492856063814995,-0.020451207255774408,0.4366865340826093,0.9797565003165913,-0.492856063814995,-0.020451207255774408
10,1,Target,-0.31998016727332507,-0.02720528317091422,0.7398862688118241,0.9731614473501241,-0.31998016727332507,-0.02720528317091422
10,3,Target,-0.43799623104948254,-0.02690348830393564,0.3083059299299448,0.9734551868019757,-0.43799623104948254,-0.02690348830393564
10,3,Target,-0.43799623104948254,-0.02690348830393564,0.3083059299299448,0.9734551868019757,-0.43799623104948254,-0.02690348830393564
10,3,Target,-0.43799623104948254,-0.02690348830393564,0.3083059299299448,0.9734551868019757,-0.43799623104948254,-0.02690348830393564
10,2,Target,-0.492856063814995,-0.020451207255774408,0.43668653408260927,0.9797565003165913,-0.492856063814995,-0.020451207255774408
10,2,Target,-0.492856063814995,-0.020451207255774408,0.4366865340826093,0.9797565003165913,-0.492856063814995,-0.020451207255774408
10,1,Target,-0.31998016727332507,-0.02720528317091422,0.7398862688118241,0.9731614473501241,-0.31998016727332507,-0.02720528317091422
10,3,Related Foil,-2.7494911652405825,-0.02690348830393564,0.02037558092639246,0.9734551868019757,-2.7494911652405825,-0.02690348830393564
10,3,Related Foil,-2.7494911652405825,-0.02690348830393564,0.020375580926392464,0.9734551868019757,-2.7494911652405825,-0.02690348830393564
10,3,Related Foil,-2.7474101051000854,-0.02690348830393564,0.020370178712535762,0.9734551868019757,-2.7474101051000854,-0.02690348830393564
10,2,Related Foil,-3.1601542913187792,-0.020451207255774408,0.01540215840076942,0.9797565003165913,-3.1601542913187792,-0.020451207255774408
10,2,Related Foil,-3.1601542913187792,-0.020451207255774408,0.015402158400769419,0.9797565003165913,-3.1601542913187792,-0.020451207255774408
10,1,Related Foil,-3.854321494259782,-0.02720528317091422,0.02041302861283564,0.9731614473501241,-3.854321494259782,-0.02720528317091422
10,3,Related Foil,-2.7494911652405825,-0.02690348830393564,0.02037558092639246,0.9734551868019757,-2.7494911652405825,-0.02690348830393564
10,3,Related Foil,-2.7494911652405825,-0.02690348830393564,0.020375580926392464,0.9734551868019757,-2.7494911652405825,-0.02690348830393564
10,3,Related Foil,-2.7474101051000854,-0.02690348830393564,0.020370178712535762,0.9734551868019757,-2.7474101051000854,-0.02690348830393564
10,2,Related Foil,-3.1601542913187792,-0.020451207255774408,0.01540215840076942,0.9797565003165913,-3.1601542913187792,-0.020451207255774408
10,2,Related Foil,-3.1601542913187792,-0.020451207255774408,0.015402158400769419,0.9797565003165913,-3.1601542913187792,-0.020451207255774408
10,1,Related Foil,-3.854321494259782,-0.02720528317091422,0.02041302861283564,0.9731614473501241,-3.854321494259782,-0.02720528317091422
10,3,Unrelated Foil,-4.632069815601579,-3.6289209101524915,0.08372385185210128,0.026544813198024295,-4.632069815601579,-3.6289209101524915
10,3,Unrelated Foil,-4.632069815601579,-3.6289209101524915,0.08372385185210128,0.026544813198024295,-4.632069815601579,-3.6289209101524915
10,3,Unrelated Foil,-4.617922899146098,-3.6289209101524915,0.08352574109298186,0.026544813198024295,-4.617922899146098,-3.6289209101524915
10,2,Unrelated Foil,-5.0431664060196875,-3.8999215402506366,0.08368390038383608,0.02024349968340861,-5.0431664060196875,-3.8999215402506366
10,2,Unrelated Foil,-5.0431664060196875,-3.8999215402506366,0.08368390038383608,0.02024349968340861,-5.0431664060196875,-3.8999215402506366
10,1,Unrelated Foil,-5.785245618053183,-3.617915893449063,0.08434952952539171,0.026838552649875932,-5.785245618053183,-3.617915893449063
10,3,Unrelated Foil,-4.632069815601579,-3.6289209101524915,0.08372385185210128,0.026544813198024295,-4.632069815601579,-3.6289209101524915
10,3,Unrelated Foil,-4.632069815601579,-3.6289209101524915,0.08372385185210128,0.026544813198024295,-4.632069815601579,-3.6289209101524915
10,3,Unrelated Foil,-4.617922899146098,-3.6289209101524915,0.08352574109298186,0.026544813198024295,-4.617922899146098,-3.6289209101524915
10,2,Unrelated Foil,-5.0431664060196875,-3.8999215402506366,0.08368390038383608,0.02024349968340861,-5.0431664060196875,-3.8999215402506366
10,2,Unrelated Foil,-5.0431664060196875,-3.8999215402506366,0.08368390038383608,0.02024349968340861,-5.0431664060196875,-3.8999215402506366
10,1,Unrelated Foil,-5.785245618053183,-3.617915893449063,0.08434952952539171,0.026838552649875932,-5.785245618053183,-3.617915893449063
11,3,Target,-0.43799623104948254,-0.026903488303935526,0.3083059299299448,0.9734551868019758,-0.43799623104948254,-0.026903488303935526
11,3,Target,-0.43799623104948254,-0.026903488303935526,0.3083059299299448,0.9734551868019758,-0.43799623104948254,-0.026903488303935526
11,3,Target,-0.43799623104948254,-0.026903488303935526,0.3083059299299448,0.9734551868019758,-0.43799623104948254,-0.026903488303935526
11,2,Target,-0.492856063814995,-0.020451207255774408,0.43668653408260927,0.9797565003165913,-0.492856063814995,-0.020451207255774408
11,2,Target,-0.492856063814995,-0.020451207255774408,0.4366865340826093,0.9797565003165913,-0.492856063814995,-0.020451207255774408
11,1,Target,-0.31998016727332507,-0.027205283170913877,0.7398862688118241,0.9731614473501244,-0.31998016727332507,-0.027205283170913877
11,3,Target,-0.43799623104948254,-0.026903488303935526,0.3083059299299448,0.9734551868019758,-0.43799623104948254,-0.026903488303935526
11,3,Target,-0.43799623104948254,-0.026903488303935526,0.3083059299299448,0.9734551868019758,-0.43799623104948254,-0.026903488303935526
11,3,Target,-0.43799623104948254,-0.026903488303935526,0.3083059299299448,0.9734551868019758,-0.43799623104948254,-0.026903488303935526
11,2,Target,-0.492856063814995,-0.020451207255774408,0.4366865340826093,0.9797565003165913,-0.492856063814995,-0.020451207255774408
11,2,Target,-0.492856063814995,-0.020451207255774408,0.43668653408260927,0.9797565003165913,-0.492856063814995,-0.020451207255774408
11,1,Target,-0.31998016727332507,-0.027205283170913877,0.7398862688118241,0.9731614473501244,-0.31998016727332507,-0.027205283170913877
11,3,Related Foil,-2.7494911652405825,-0.026903488303935526,0.02037558092639246,0.9734551868019758,-2.7494911652405825,-0.026903488303935526
11,3,Related Foil,-2.7494911652405825,-0.026903488303935526,0.020375580926392464,0.9734551868019758,-2.7494911652405825,-0.026903488303935526
11,3,Related Foil,-2.7474101051000854,-0.026903488303935526,0.02037017871253576,0.9734551868019758,-2.7474101051000854,-0.026903488303935526
11,2,Related Foil,-3.1601542913187792,-0.020451207255774408,0.01540215840076942,0.9797565003165913,-3.1601542913187792,-0.020451207255774408
11,2,Related Foil,-3.1601542913187792,-0.020451207255774408,0.015402158400769419,0.9797565003165913,-3.1601542913187792,-0.020451207255774408
11,1,Related Foil,-3.854321494259782,-0.027205283170913877,0.020413028612835636,0.9731614473501244,-3.854321494259782,-0.027205283170913877
11,3,Related Foil,-2.7494911652405825,-0.026903488303935526,0.020375580926392464,0.9734551868019758,-2.7494911652405825,-0.026903488303935526
11,3,Related Foil,-2.7494911652405825,-0.026903488303935526,0.02037558092639246,0.9734551868019758,-2.7494911652405825,-0.026903488303935526
11,3,Related Foil,-2.7474101051000854,-0.026903488303935526,0.02037017871253576,0.9734551868019758,-2.7474101051000854,-0.026903488303935526
11,2,Related Foil,-3.1601542913187792,-0.020451207255774408,0.01540215840076942,0.9797565003165913,-3.1601542913187792,-0.020451207255774408
11,2,Related Foil,-3.1601542913187792,-0.020451207255774408,0.015402158400769419,0.9797565003165913,-3.1601542913187792,-0.020451207255774408
11,1,Related Foil,-3.854321494259782,-0.027205283170913877,0.020413028612835636,0.9731614473501244,-3.854321494259782,-0.027205283170913877
11,3,Unrelated Foil,-4.632069815601579,-3.6289209101524915,0.08372385185210128,0.026544813198024295,-4.632069815601579,-3.6289209101524915
11,3,Unrelated Foil,-4.632069815601579,-3.6289209101524915,0.08372385185210128,0.026544813198024295,-4.632069815601579,-3.6289209101524915
11,3,Unrelated Foil,-4.617922899146098,-3.6289209101524915,0.08352574109298187,0.026544813198024295,-4.617922899146098,-3.6289209101524915
11,2,Unrelated Foil,-5.0431664060196875,-3.8999215402506366,0.0836839003838361,0.020243499683408606,-5.0431664060196875,-3.8999215402506366
11,2,Unrelated Foil,-5.0431664060196875,-3.8999215402506366,0.0836839003838361,0.020243499683408606,-5.0431664060196875,-3.8999215402506366
11,1,Unrelated Foil,-5.785245618053183,-3.617915893449063,0.08434952952539174,0.026838552649875932,-5.785245618053183,-3.617915893449063
11,3,Unrelated Foil,-4.632069815601579,-3.6289209101524915,0.08372385185210128,0.026544813198024295,-4.632069815601579,-3.6289209101524915
11,3,Unrelated Foil,-4.632069815601579,-3.6289209101524915,0.08372385185210128,0.026544813198024295,-4.632069815601579,-3.6289209101524915
11,3,Unrelated Foil,-4.617922899146098,-3.6289209101524915,0.08352574109298187,0.026544813198024295,-4.617922899146098,-3.6289209101524915
11,2,Unrelated Foil,-5.0431664060196875,-3.8999215402506366,0.0836839003838361,0.020243499683408606,-5.0431664060196875,-3.8999215402506366
11,2,Unrelated Foil,-5.0431664060196875,-3.8999215402506366,0.0836839003838361,0.020243499683408606,-5.0431664060196875,-3.8999215402506366
11,1,Unrelated Foil,-5.785245618053183,-3.617915893449063,0.08434952952539174,0.026838552649875932,-5.785245618053183,-3.617915893449063
12,3,Target,-0.45939885535598546,-0.026339621322657266,0.3095403560344569,0.9740042408217364,-0.45939885535598546,-0.026339621322657266
12,3,Target,-0.45939885535598546,-0.026339621322657266,0.30954035603445695,0.9740042408217364,-0.45939885535598546,-0.026339621322657266
12,3,Target,-0.45939885535598546,-0.026339621322657266,0.30954035603445684,0.9740042408217364,-0.45939885535598546,-0.026339621322657266
12,2,Target,-0.3696415410229856,-0.023923228696121953,0.4551438708343721,0.9763606633619111,-0.3696415410229856,-0.023923228696121953
12,2,Target,-0.3696415410229856,-0.023923228696121953,0.4551438708343722,0.9763606633619111,-0.3696415410229856,-0.023923228696121953
12,1,Target,-0.2640013895980021,-0.27474089897624177,0.8609567352198678,0.7597689546382235,-0.2640013895980021,-0.27474089897624177
12,3,Target,-0.4101134835078593,-0.04085880903364743,0.3105433734380489,0.9599646587176834,-0.4101134835078593,-0.04085880903364743
12,3,Target,-0.4101134835078593,-0.04085880903364743,0.31054337343804894,0.9599646587176834,-0.4101134835078593,-0.04085880903364743
12,3,Target,-0.4101134835078593,-0.04085880903364743,0.310543373438049,0.9599646587176834,-0.4101134835078593,-0.04085880903364743
12,2,Target,-0.32541474628032396,-0.03691816482023648,0.46283304535555087,0.9637550011857795,-0.32541474628032396,-0.03691816482023648
12,2,Target,-0.32541474628032396,-0.03691816482023648,0.462833045355551,0.9637550011857795,-0.32541474628032396,-0.03691816482023648
12,1,Target,-0.3076163103641687,-0.19985909558091217,0.8091493990156257,0.8188461239870782,-0.3076163103641687,-0.19985909558091217
12,3,Related Foil,-2.340411264946274,-0.026339621322657266,0.027701853707752147,0.9740042408217364,-2.340411264946274,-0.026339621322657266
12,3,Related Foil,-2.340411264946274,-0.026339621322657266,0.027701853707752147,0.9740042408217364,-2.340411264946274,-0.026339621322657266
12,3,Related Foil,-4.768129242435225,-0.026339621322657266,0.0023021742680494114,0.9740042408217364,-4.768129242435225,-0.026339621322657266
12,2,Related Foil,-2.7486868457854885,-0.023923228696121953,0.02506609070366861,0.9763606633619111,-2.7486868457854885,-0.023923228696121953
12,2,Related Foil,-2.7486868457854885,-0.023923228696121953,0.025066090703668612,0.9763606633619111,-2.7486868457854885,-0.023923228696121953
12,1,Related Foil,-5.898858868359616,-0.27474089897624177,0.002820025814937807,0.7597689546382235,-5.898858868359616,-0.27474089897624177
12,3,Related Foil,-3.2597542185723776,-0.04085880903364743,0.01410585042582188,0.9599646587176834,-3.2597542185723776,-0.04085880903364743
12,3,Related Foil,-3.2597542185723776,-0.04085880903364743,0.014105850425821879,0.9599646587176834,-3.2597542185723776,-0.04085880903364743
12,3,Related Foil,-3.258444270902091,-0.04085880903364743,0.014103069674567164,0.9599646587176834,-3.258444270902091,-0.04085880903364743
12,2,Related Foil,-3.6698320858333235,-0.03691816482023648,0.012709342896397925,0.9637550011857795,-3.6698320858333235,-0.03691816482023648
12,2,Related Foil,-3.6698320858333235,-0.03691816482023648,0.012709342896397925,0.9637550011857795,-3.6698320858333235,-0.03691816482023648
12,1,Related Foil,-4.367868085956557,-0.19985909558091217,0.01498331348925552,0.8188461239870782,-4.367868085956557,-0.19985909558091217
12,3,Unrelated Foil,-4.624215308684183,-3.6498218627926207,0.083633650607572,0.0259957591782636,-4.624215308684183,-3.6498218627926207
12,3,Unrelated Foil,-4.624215308684183,-3.6498218627926207,0.083633650607572,0.0259957591782636,-4.624215308684183,-3.6498218627926207
12,3,Unrelated Foil,-4.617955098366474,-3.6498218627926207,0.08353459304587037,0.0259957591782636,-4.617955098366474,-3.6498218627926207
12,2,Unrelated Foil,-5.042150548170976,-3.744843147832501,0.08370398414729414,0.023639336638088974,-5.042150548170976,-3.744843147832501
12,2,Unrelated Foil,-5.042150548170976,-3.744843147832501,0.08370398414729414,0.023639336638088974,-5.042150548170976,-3.744843147832501
12,1,Unrelated Foil,-4.344950298081983,-1.4261541297206235,0.05083121482213303,0.2402310453617765,-4.344950298081983,-1.4261541297206235
12,3,Unrelated Foil,-4.626516175023181,-3.2179926828949883,0.056311352526165176,0.04003534128231639,-4.626516175023181,-3.2179926828949883
12,3,Unrelated Foil,-4.626516175023181,-3.2179926828949883,0.056311352526165176,0.04003534128231639,-4.626516175023181,-3.2179926828949883
12,3,Unrelated Foil,-4.672172668641694,-3.2179926828949883,0.10291708890483575,0.04003534128231639,-4.672172668641694,-3.2179926828949883
12,2,Unrelated Foil,-5.045068537308613,-3.31745387094497,0.05642205139961191,0.03624499881422042,-5.045068537308613,-3.31745387094497
12,2,Unrelated Foil,-5.045068537308613,-3.31745387094497,0.056422051399611914,0.03624499881422042,-5.045068537308613,-3.31745387094497
12,1,Unrelated Foil,-5.807062313006501,-1.7084084651660003,0.01150831478637661,0.18115387601292177,-5.807062313006501,-1.7084084651660003
13,3,Target,-0.43799623104948254,-0.026903488303935526,0.3083059299299448,0.9734551868019758,-0.43799623104948254,-0.026903488303935526
13,3,Target,-0.43799623104948254,-0.026903488303935526,0.3083059299299448,0.9734551868019758,-0.43799623104948254,-0.026903488303935526
13,3,Target,-0.43799623104948254,-0.026903488303935526,0.3083059299299448,0.9734551868019758,-0.43799623104948254,-0.026903488303935526
13,2,Target,-0.492856063814995,-0.020451207255774408,0.43668653408260927,0.9797565003165913,-0.492856063814995,-0.020451207255774408
13,2,Target,-0.492856063814995,-0.020451207255774408,0.4366865340826093,0.9797565003165913,-0.492856063814995,-0.020451207255774408
13,1,Target,-0.31998016727332507,-0.027205283170913877,0.7398862688118241,0.9731614473501244,-0.31998016727332507,-0.027205283170913877
13,3,Target,-0.43799623104948254,-0.02690348830393564,0.3083059299299448,0.9734551868019757,-0.43799623104948254,-0.02690348830393564
13,3,Target,-0.43799623104948254,-0.02690348830393564,0.3083059299299448,0.9734551868019757,-0.43799623104948254,-0.02690348830393564
13,3,Target,-0.43799623104948254,-0.02690348830393564,0.3083059299299448,0.9734551868019757,-0.43799623104948254,-0.02690348830393564
13,2,Target,-0.492856063814995,-0.020451207255774408,0.4366865340826093,0.9797565003165913,-0.492856063814995,-0.020451207255774408
13,2,Target,-0.492856063814995,-0.020451207255774408,0.43668653408260927,0.9797565003165913,-0.492856063814995,-0.020451207255774408
13,1,Target,-0.31998016727332507,-0.02720528317091422,0.7398862688118241,0.9731614473501241,-0.31998016727332507,-0.02720528317091422
13,3,Related Foil,-2.7494911652405825,-0.026903488303935526,0.02037558092639246,0.9734551868019758,-2.7494911652405825,-0.026903488303935526
13,3,Related Foil,-2.7494911652405825,-0.026903488303935526,0.020375580926392464,0.9734551868019758,-2.7494911652405825,-0.026903488303935526
13,3,Related Foil,-2.7474101051000854,-0.026903488303935526,0.02037017871253576,0.9734551868019758,-2.7474101051000854,-0.026903488303935526
13,2,Related Foil,-3.1601542913187792,-0.020451207255774408,0.01540215840076942,0.9797565003165913,-3.1601542913187792,-0.020451207255774408
13,2,Related Foil,-3.1601542913187792,-0.020451207255774408,0.015402158400769419,0.9797565003165913,-3.1601542913187792,-0.020451207255774408
13,1,Related Foil,-3.854321494259782,-0.027205283170913877,0.020413028612835636,0.9731614473501244,-3.854321494259782,-0.027205283170913877
13,3,Related Foil,-2.7494911652405825,-0.02690348830393564,0.020375580926392464,0.9734551868019757,-2.7494911652405825,-0.02690348830393564
13,3,Related Foil,-2.7494911652405825,-0.02690348830393564,0.02037558092639246,0.9734551868019757,-2.7494911652405825,-0.02690348830393564
13,3,Related Foil,-2.7474101051000854,-0.02690348830393564,0.020370178712535762,0.9734551868019757,-2.7474101051000854,-0.02690348830393564
13,2,Related Foil,-3.1601542913187792,-0.020451207255774408,0.015402158400769419,0.9797565003165913,-3.1601542913187792,-0.020451207255774408
13,2,Related Foil,-3.1601542913187792,-0.020451207255774408,0.01540215840076942,0.9797565003165913,-3.1601542913187792,-0.020451207255774408
13,1,Related Foil,-3.854321494259782,-0.02720528317091422,0.02041302861283564,0.9731614473501241,-3.854321494259782,-0.02720528317091422
13,3,Unrelated Foil,-4.632069815601579,-3.6289209101524915,0.08372385185210128,0.026544813198024295,-4.632069815601579,-3.6289209101524915
13,3,Unrelated Foil,-4.632069815601579,-3.6289209101524915,0.08372385185210128,0.026544813198024295,-4.632069815601579,-3.6289209101524915
13,3,Unrelated Foil,-4.617922899146098,-3.6289209101524915,0.08352574109298187,0.026544813198024295,-4.617922899146098,-3.6289209101524915
13,2,Unrelated Foil,-5.0431664060196875,-3.8999215402506366,0.0836839003838361,0.020243499683408606,-5.0431664060196875,-3.8999215402506366
13,2,Unrelated Foil,-5.0431664060196875,-3.8999215402506366,0.0836839003838361,0.020243499683408606,-5.0431664060196875,-3.8999215402506366
13,1,Unrelated Foil,-5.785245618053183,-3.617915893449063,0.08434952952539174,0.026838552649875932,-5.785245618053183,-3.617915893449063
13,3,Unrelated Foil,-4.632069815601579,-3.6289209101524915,0.08372385185210128,0.026544813198024295,-4.632069815601579,-3.6289209101524915
13,3,Unrelated Foil,-4.632069815601579,-3.6289209101524915,0.08372385185210128,0.026544813198024295,-4.632069815601579,-3.6289209101524915
13,3,Unrelated Foil,-4.617922899146098,-3.6289209101524915,0.08352574109298186,0.026544813198024295,-4.617922899146098,-3.6289209101524915
13,2,Unrelated Foil,-5.0431664060196875,-3.8999215402506366,0.08368390038383608,0.02024349968340861,-5.0431664060196875,-3.8999215402506366
13,2,Unrelated Foil,-5.0431664060196875,-3.8999215402506366,0.08368390038383608,0.02024349968340861,-5.0431664060196875,-3.8999215402506366
13,1,Unrelated Foil,-5.785245618053183,-3.617915893449063,0.08434952952539171,0.026838552649875932,-5.785245618053183,-3.617915893449063
14,3,Target,-0.5598975634095915,-0.0351125590226214,0.3018743057719345,0.9654967347723302,-0.5598975634095915,-0.0351125590226214
14,3,Target,-0.5598975634095915,-0.0351125590226214,0.3018743057719345,0.9654967347723302,-0.5598975634095915,-0.0351125590226214
14,3,Target,-0.5598975634095915,-0.0351125590226214,0.30187430577193447,0.9654967347723302,-0.5598975634095915,-0.0351125590226214
14,2,Target,-0.3254147383836469,-0.03691092558003038,0.4628330447335859,0.9637619780649865,-0.3254147383836469,-0.03691092558003038
14,2,Target,-0.3254147383836469,-0.03691092558003038,0.4628330447335858,0.9637619780649865,-0.3254147383836469,-0.03691092558003038
14,1,Target,-0.24533289759500956,-0.04351196537484562,0.7649829474172813,0.9574210981201055,-0.24533289759500956,-0.04351196537484562
14,3,Target,-0.4593988382369309,-0.026339759516820434,0.3095419936119917,0.9740041062200447,-0.4593988382369309,-0.026339759516820434
14,3,Target,-0.4593988382369309,-0.026339759516820434,0.30954199361199164,0.9740041062200447,-0.4593988382369309,-0.026339759516820434
14,3,Target,-0.4593988382369309,-0.026339759516820434,0.3095419936119916,0.9740041062200447,-0.4593988382369309,-0.026339759516820434
14,2,Target,-0.3696415251603727,-0.023923399232265087,0.45514713702996457,0.9763604968571434,-0.3696415251603727,-0.023923399232265087
14,2,Target,-0.3696415251603727,-0.023923399232265087,0.4551471370299647,0.9763604968571434,-0.3696415251603727,-0.023923399232265087
14,1,Target,-0.038201980666533,-0.14434745140574712,0.9459629685571402,0.8655869464039277,-0.038201980666533,-0.14434745140574712
14,3,Related Foil,-3.2620091931270148,-0.0351125590226214,0.012091030619773206,0.9654967347723302,-3.2620091931270148,-0.0351125590226214
14,3,Related Foil,-3.2620091931270148,-0.0351125590226214,0.012091030619773204,0.9654967347723302,-3.2620091931270148,-0.0351125590226214
14,3,Related Foil,-2.0739363627651857,-0.0351125590226214,0.0478490457013295,0.9654967347723302,-2.0739363627651857,-0.0351125590226214
14,2,Related Foil,-3.671059698042354,-0.03691092558003038,0.012711220274012487,0.9637619780649865,-3.671059698042354,-0.03691092558003038
14,2,Related Foil,-3.671059698042354,-0.03691092558003038,0.012711220274012489,0.9637619780649865,-3.671059698042354,-0.03691092558003038
14,1,Related Foil,-3.175544275309675,-0.04351196537484562,0.05916026462156313,0.9574210981201055,-3.175544275309675,-0.04351196537484562
14,3,Related Foil,-2.3404110916115406,-0.026339759516820434,0.02770200001957517,0.9740041062200447,-2.3404110916115406,-0.026339759516820434
14,3,Related Foil,-2.3404110916115406,-0.026339759516820434,0.02770200001957517,0.9740041062200447,-2.3404110916115406,-0.026339759516820434
14,3,Related Foil,-4.760628784807223,-0.026339759516820434,0.0022995421019822416,0.9740041062200447,-4.760628784807223,-0.026339759516820434
14,2,Related Foil,-2.7486865917943715,-0.023923399232265087,0.025066270243629583,0.9763604968571434,-2.7486865917943715,-0.023923399232265087
14,2,Related Foil,-2.7486865917943715,-0.023923399232265087,0.02506627024362958,0.9763604968571434,-2.7486865917943715,-0.023923399232265087
14,1,Related Foil,-5.880596303306475,-0.14434745140574712,0.0034719297934822325,0.8655869464039277,-5.880596303306475,-0.14434745140574712
14,3,Unrelated Foil,-4.6265150439728435,-3.3667013151430303,0.05631322631317942,0.03450326522766966,-4.6265150439728435,-3.3667013151430303
14,3,Unrelated Foil,-4.6265150439728435,-3.3667013151430303,0.056313226313179414,0.03450326522766966,-4.6265150439728435,-3.3667013151430303
14,3,Unrelated Foil,-4.66788158700196,-3.3667013151430303,0.10285383140317797,0.03450326522766966,-4.66788158700196,-3.3667013151430303
14,2,Unrelated Foil,-5.045065803304634,-3.3176463816642134,0.056433312797794656,0.03623802193501328,-5.045065803304634,-3.3176463816642134
14,2,Unrelated Foil,-5.045065803304634,-3.3176463816642134,0.056433312797794656,0.03623802193501328,-5.045065803304634,-3.3176463816642134
14,1,Unrelated Foil,-5.787972901222216,-3.1563964094244077,0.05704882809224302,0.042578901879894486,-5.787972901222216,-3.1563964094244077
14,3,Unrelated Foil,-4.624214409786917,-3.6498166849733225,0.08363364358472504,0.025995893779955623,-4.624214409786917,-3.6498166849733225
14,3,Unrelated Foil,-4.624214409786917,-3.6498166849733225,0.08363364358472504,0.025995893779955623,-4.624214409786917,-3.6498166849733225
14,3,Unrelated Foil,-4.614408589476742,-3.6498166849733225,0.08348507333228916,0.025995893779955623,-4.614408589476742,-3.6498166849733225
14,2,Unrelated Foil,-5.048287305191273,-3.744836104310768,0.08377806847084128,0.023639503142856733,-5.048287305191273,-3.744836104310768
14,2,Unrelated Foil,-5.048287305191273,-3.744836104310768,0.0837780684708413,0.023639503142856733,-5.048287305191273,-3.744836104310768
14,1,Unrelated Foil,-4.343098919976252,-2.006837730638636,0.1278218658583313,0.13441305359607236,-4.343098919976252,-2.006837730638636
15,3,Target,-0.43799623104948254,-0.026903488303935526,0.3083059299299448,0.9734551868019758,-0.43799623104948254,-0.026903488303935526
15,3,Target,-0.43799623104948254,-0.026903488303935526,0.3083059299299448,0.9734551868019758,-0.43799623104948254,-0.026903488303935526
15,3,Target,-0.43799623104948254,-0.026903488303935526,0.3083059299299448,0.9734551868019758,-0.43799623104948254,-0.026903488303935526
15,2,Target,-0.492856063814995,-0.020451207255774408,0.43668653408260927,0.9797565003165913,-0.492856063814995,-0.020451207255774408
15,2,Target,-0.492856063814995,-0.020451207255774408,0.4366865340826093,0.9797565003165913,-0.492856063814995,-0.020451207255774408
15,1,Target,-0.31998016727332507,-0.027205283170913877,0.7398862688118241,0.9731614473501244,-0.31998016727332507,-0.027205283170913877
15,3,Target,-0.43799623104948254,-0.02690348830393564,0.3083059299299448,0.9734551868019757,-0.43799623104948254,-0.02690348830393564
15,3,Target,-0.43799623104948254,-0.02690348830393564,0.3083059299299448,0.9734551868019757,-0.43799623104948254,-0.02690348830393564
15,3,Target,-0.43799623104948254,-0.02690348830393564,0.3083059299299448,0.9734551868019757,-0.43799623104948254,-0.02690348830393564
15,2,Target,-0.492856063814995,-0.020451207255774408,0.4366865340826093,0.9797565003165913,-0.492856063814995,-0.020451207255774408
15,2,Target,-0.492856063814995,-0.020451207255774408,0.43668653408260927,0.9797565003165913,-0.492856063814995,-0.020451207255774408
15,1,Target,-0.31998016727332507,-0.02720528317091422,0.7398862688118241,0.9731614473501241,-0.31998016727332507,-0.02720528317091422
15,3,Related Foil,-2.7494911652405825,-0.026903488303935526,0.02037558092639246,0.9734551868019758,-2.7494911652405825,-0.026903488303935526
15,3,Related Foil,-2.7494911652405825,-0.026903488303935526,0.020375580926392464,0.9734551868019758,-2.7494911652405825,-0.026903488303935526
15,3,Related Foil,-2.7474101051000854,-0.026903488303935526,0.02037017871253576,0.9734551868019758,-2.7474101051000854,-0.026903488303935526
15,2,Related Foil,-3.1601542913187792,-0.020451207255774408,0.01540215840076942,0.9797565003165913,-3.1601542913187792,-0.020451207255774408
15,2,Related Foil,-3.1601542913187792,-0.020451207255774408,0.01540215840076942,0.9797565003165913,-3.1601542913187792,-0.020451207255774408
15,1,Related Foil,-3.854321494259782,-0.027205283170913877,0.020413028612835636,0.9731614473501244,-3.854321494259782,-0.027205283170913877
15,3,Related Foil,-2.7494911652405825,-0.02690348830393564,0.020375580926392464,0.9734551868019757,-2.7494911652405825,-0.02690348830393564
15,3,Related Foil,-2.7494911652405825,-0.02690348830393564,0.02037558092639246,0.9734551868019757,-2.7494911652405825,-0.02690348830393564
15,3,Related Foil,-2.7474101051000854,-0.02690348830393564,0.020370178712535762,0.9734551868019757,-2.7474101051000854,-0.02690348830393564
15,2,Related Foil,-3.1601542913187792,-0.020451207255774408,0.01540215840076942,0.9797565003165913,-3.1601542913187792,-0.020451207255774408
15,2,Related Foil,-3.1601542913187792,-0.020451207255774408,0.01540215840076942,0.9797565003165913,-3.1601542913187792,-0.020451207255774408
15,1,Related Foil,-3.854321494259782,-0.02720528317091422,0.02041302861283564,0.9731614473501241,-3.854321494259782,-0.02720528317091422
15,3,Unrelated Foil,-4.632069815601579,-3.6289209101524915,0.08372385185210128,0.026544813198024295,-4.632069815601579,-3.6289209101524915
15,3,Unrelated Foil,-4.632069815601579,-3.6289209101524915,0.08372385185210128,0.026544813198024295,-4.632069815601579,-3.6289209101524915
15,3,Unrelated Foil,-4.617922899146098,-3.6289209101524915,0.08352574109298187,0.026544813198024295,-4.617922899146098,-3.6289209101524915
15,2,Unrelated Foil,-5.0431664060196875,-3.8999215402506366,0.0836839003838361,0.020243499683408606,-5.0431664060196875,-3.8999215402506366
15,2,Unrelated Foil,-5.0431664060196875,-3.8999215402506366,0.0836839003838361,0.020243499683408606,-5.0431664060196875,-3.8999215402506366
15,1,Unrelated Foil,-5.785245618053183,-3.617915893449063,0.08434952952539175,0.026838552649875932,-5.785245618053183,-3.617915893449063
15,3,Unrelated Foil,-4.632069815601579,-3.6289209101524915,0.08372385185210128,0.026544813198024295,-4.632069815601579,-3.6289209101524915
15,3,Unrelated Foil,-4.632069815601579,-3.6289209101524915,0.08372385185210128,0.026544813198024295,-4.632069815601579,-3.6289209101524915
15,3,Unrelated Foil,-4.617922899146098,-3.6289209101524915,0.08352574109298186,0.026544813198024295,-4.617922899146098,-3.6289209101524915
15,2,Unrelated Foil,-5.0431664060196875,-3.8999215402506366,0.08368390038383608,0.02024349968340861,-5.0431664060196875,-3.8999215402506366
15,2,Unrelated Foil,-5.0431664060196875,-3.8999215402506366,0.08368390038383608,0.02024349968340861,-5.0431664060196875,-3.8999215402506366
15,1,Unrelated Foil,-5.785245618053183,-3.617915893449063,0.08434952952539172,0.026838552649875932,-5.785245618053183,-3.617915893449063
16,3,Target,-0.43799623104948254,-0.026903488303935526,0.3083059299299448,0.9734551868019758,-0.43799623104948254,-0.026903488303935526
16,3,Target,-0.43799623104948254,-0.026903488303935526,0.3083059299299448,0.9734551868019758,-0.43799623104948254,-0.026903488303935526
16,3,Target,-0.43799623104948254,-0.026903488303935526,0.3083059299299448,0.9734551868019758,-0.43799623104948254,-0.026903488303935526
16,2,Target,-0.492856063814995,-0.020451207255774408,0.43668653408260927,0.9797565003165913,-0.492856063814995,-0.020451207255774408
16,2,Target,-0.492856063814995,-0.020451207255774408,0.4366865340826093,0.9797565003165913,-0.492856063814995,-0.020451207255774408
16,1,Target,-0.31998016727332507,-0.027205283170913877,0.7398862688118241,0.9731614473501244,-0.31998016727332507,-0.027205283170913877
16,3,Target,-0.43799623104948254,-0.026903488303935526,0.3083059299299448,0.9734551868019758,-0.43799623104948254,-0.026903488303935526
16,3,Target,-0.43799623104948254,-0.026903488303935526,0.3083059299299448,0.9734551868019758,-0.43799623104948254,-0.026903488303935526
16,3,Target,-0.43799623104948254,-0.026903488303935526,0.3083059299299448,0.9734551868019758,-0.43799623104948254,-0.026903488303935526
16,2,Target,-0.492856063814995,-0.020451207255774408,0.43668653408260927,0.9797565003165913,-0.492856063814995,-0.020451207255774408
16,2,Target,-0.492856063814995,-0.020451207255774408,0.4366865340826093,0.9797565003165913,-0.492856063814995,-0.020451207255774408
16,1,Target,-0.31998016727332507,-0.027205283170913877,0.7398862688118241,0.9731614473501244,-0.31998016727332507,-0.027205283170913877
16,3,Related Foil,-2.7494911652405825,-0.026903488303935526,0.02037558092639246,0.9734551868019758,-2.7494911652405825,-0.026903488303935526
16,3,Related Foil,-2.7494911652405825,-0.026903488303935526,0.020375580926392464,0.9734551868019758,-2.7494911652405825,-0.026903488303935526
16,3,Related Foil,-2.7474101051000854,-0.026903488303935526,0.02037017871253576,0.9734551868019758,-2.7474101051000854,-0.026903488303935526
16,2,Related Foil,-3.1601542913187792,-0.020451207255774408,0.01540215840076942,0.9797565003165913,-3.1601542913187792,-0.020451207255774408
16,2,Related Foil,-3.1601542913187792,-0.020451207255774408,0.015402158400769419,0.9797565003165913,-3.1601542913187792,-0.020451207255774408
16,1,Related Foil,-3.854321494259782,-0.027205283170913877,0.020413028612835636,0.9731614473501244,-3.854321494259782,-0.027205283170913877
16,3,Related Foil,-2.7494911652405825,-0.026903488303935526,0.02037558092639246,0.9734551868019758,-2.7494911652405825,-0.026903488303935526
16,3,Related Foil,-2.7494911652405825,-0.026903488303935526,0.020375580926392464,0.9734551868019758,-2.7494911652405825,-0.026903488303935526
16,3,Related Foil,-2.7474101051000854,-0.026903488303935526,0.02037017871253576,0.9734551868019758,-2.7474101051000854,-0.026903488303935526
16,2,Related Foil,-3.1601542913187792,-0.020451207255774408,0.015402158400769419,0.9797565003165913,-3.1601542913187792,-0.020451207255774408
16,2,Related Foil,-3.1601542913187792,-0.020451207255774408,0.01540215840076942,0.9797565003165913,-3.1601542913187792,-0.020451207255774408
16,1,Related Foil,-3.854321494259782,-0.027205283170913877,0.020413028612835636,0.9731614473501244,-3.854321494259782,-0.027205283170913877
16,3,Unrelated Foil,-4.632069815601579,-3.6289209101524915,0.08372385185210128,0.026544813198024295,-4.632069815601579,-3.6289209101524915
16,3,Unrelated Foil,-4.632069815601579,-3.6289209101524915,0.08372385185210128,0.026544813198024295,-4.632069815601579,-3.6289209101524915
16,3,Unrelated Foil,-4.617922899146098,-3.6289209101524915,0.08352574109298187,0.026544813198024295,-4.617922899146098,-3.6289209101524915
16,2,Unrelated Foil,-5.0431664060196875,-3.8999215402506366,0.0836839003838361,0.020243499683408606,-5.0431664060196875,-3.8999215402506366
16,2,Unrelated Foil,-5.0431664060196875,-3.8999215402506366,0.0836839003838361,0.020243499683408606,-5.0431664060196875,-3.8999215402506366
16,1,Unrelated Foil,-5.785245618053183,-3.617915893449063,0.08434952952539174,0.026838552649875932,-5.785245618053183,-3.617915893449063
16,3,Unrelated Foil,-4.632069815601579,-3.6289209101524915,0.08372385185210128,0.026544813198024295,-4.632069815601579,-3.6289209101524915
16,3,Unrelated Foil,-4.632069815601579,-3.6289209101524915,0.08372385185210128,0.026544813198024295,-4.632069815601579,-3.6289209101524915
16,3,Unrelated Foil,-4.617922899146098,-3.6289209101524915,0.08352574109298187,0.026544813198024295,-4.617922899146098,-3.6289209101524915
16,2,Unrelated Foil,-5.0431664060196875,-3.8999215402506366,0.0836839003838361,0.020243499683408606,-5.0431664060196875,-3.8999215402506366
16,2,Unrelated Foil,-5.0431664060196875,-3.8999215402506366,0.0836839003838361,0.020243499683408606,-5.0431664060196875,-3.8999215402506366
16,1,Unrelated Foil,-5.785245618053183,-3.617915893449063,0.08434952952539174,0.026838552649875932,-5.785245618053183,-3.617915893449063
17,3,Target,-0.43799623104948254,-0.026903488303935526,0.3083059299299448,0.9734551868019758,-0.43799623104948254,-0.026903488303935526
17,3,Target,-0.43799623104948254,-0.026903488303935526,0.3083059299299448,0.9734551868019758,-0.43799623104948254,-0.026903488303935526
17,3,Target,-0.43799623104948254,-0.026903488303935526,0.3083059299299448,0.9734551868019758,-0.43799623104948254,-0.026903488303935526
17,2,Target,-0.492856063814995,-0.020451207255774408,0.43668653408260927,0.9797565003165913,-0.492856063814995,-0.020451207255774408
17,2,Target,-0.492856063814995,-0.020451207255774408,0.4366865340826093,0.9797565003165913,-0.492856063814995,-0.020451207255774408
17,1,Target,-0.31998016727332507,-0.027205283170913877,0.7398862688118241,0.9731614473501244,-0.31998016727332507,-0.027205283170913877
17,3,Target,-0.43799623104948254,-0.026903488303935526,0.3083059299299448,0.9734551868019758,-0.43799623104948254,-0.026903488303935526
17,3,Target,-0.43799623104948254,-0.026903488303935526,0.3083059299299448,0.9734551868019758,-0.43799623104948254,-0.026903488303935526
17,3,Target,-0.43799623104948254,-0.026903488303935526,0.3083059299299448,0.9734551868019758,-0.43799623104948254,-0.026903488303935526
17,2,Target,-0.492856063814995,-0.020451207255774408,0.4366865340826093,0.9797565003165913,-0.492856063814995,-0.020451207255774408
17,2,Target,-0.492856063814995,-0.020451207255774408,0.43668653408260927,0.9797565003165913,-0.492856063814995,-0.020451207255774408
17,1,Target,-0.31998016727332507,-0.027205283170913877,0.7398862688118241,0.9731614473501244,-0.31998016727332507,-0.027205283170913877
17,3,Related Foil,-2.7494911652405825,-0.026903488303935526,0.02037558092639246,0.9734551868019758,-2.7494911652405825,-0.026903488303935526
17,3,Related Foil,-2.7494911652405825,-0.026903488303935526,0.020375580926392464,0.9734551868019758,-2.7494911652405825,-0.026903488303935526
17,3,Related Foil,-2.7474101051000854,-0.026903488303935526,0.02037017871253576,0.9734551868019758,-2.7474101051000854,-0.026903488303935526
17,2,Related Foil,-3.1601542913187792,-0.020451207255774408,0.01540215840076942,0.9797565003165913,-3.1601542913187792,-0.020451207255774408
17,2,Related Foil,-3.1601542913187792,-0.020451207255774408,0.015402158400769419,0.9797565003165913,-3.1601542913187792,-0.020451207255774408
17,1,Related Foil,-3.854321494259782,-0.027205283170913877,0.020413028612835636,0.9731614473501244,-3.854321494259782,-0.027205283170913877
17,3,Related Foil,-2.7494911652405825,-0.026903488303935526,0.020375580926392464,0.9734551868019758,-2.7494911652405825,-0.026903488303935526
17,3,Related Foil,-2.7494911652405825,-0.026903488303935526,0.02037558092639246,0.9734551868019758,-2.7494911652405825,-0.026903488303935526
17,3,Related Foil,-2.7474101051000854,-0.026903488303935526,0.02037017871253576,0.9734551868019758,-2.7474101051000854,-0.026903488303935526
17,2,Related Foil,-3.1601542913187792,-0.020451207255774408,0.015402158400769419,0.9797565003165913,-3.1601542913187792,-0.020451207255774408
17,2,Related Foil,-3.1601542913187792,-0.020451207255774408,0.01540215840076942,0.9797565003165913,-3.1601542913187792,-0.020451207255774408
17,1,Related Foil,-3.854321494259782,-0.027205283170913877,0.020413028612835636,0.9731614473501244,-3.854321494259782,-0.027205283170913877
17,3,Unrelated Foil,-4.632069815601579,-3.6289209101524915,0.08372385185210128,0.026544813198024295,-4.632069815601579,-3.6289209101524915
17,3,Unrelated Foil,-4.632069815601579,-3.6289209101524915,0.08372385185210128,0.026544813198024295,-4.632069815601579,-3.6289209101524915
17,3,Unrelated Foil,-4.617922899146098,-3.6289209101524915,0.08352574109298187,0.026544813198024295,-4.617922899146098,-3.6289209101524915
17,2,Unrelated Foil,-5.0431664060196875,-3.8999215402506366,0.0836839003838361,0.020243499683408606,-5.0431664060196875,-3.8999215402506366
17,2,Unrelated Foil,-5.0431664060196875,-3.8999215402506366,0.0836839003838361,0.020243499683408606,-5.0431664060196875,-3.8999215402506366
17,1,Unrelated Foil,-5.785245618053183,-3.617915893449063,0.08434952952539174,0.026838552649875932,-5.785245618053183,-3.617915893449063
17,3,Unrelated Foil,-4.632069815601579,-3.6289209101524915,0.08372385185210128,0.026544813198024295,-4.632069815601579,-3.6289209101524915
17,3,Unrelated Foil,-4.632069815601579,-3.6289209101524915,0.08372385185210128,0.026544813198024295,-4.632069815601579,-3.6289209101524915
17,3,Unrelated Foil,-4.617922899146098,-3.6289209101524915,0.08352574109298187,0.026544813198024295,-4.617922899146098,-3.6289209101524915
17,2,Unrelated Foil,-5.0431664060196875,-3.8999215402506366,0.0836839003838361,0.020243499683408606,-5.0431664060196875,-3.8999215402506366
17,2,Unrelated Foil,-5.0431664060196875,-3.8999215402506366,0.0836839003838361,0.020243499683408606,-5.0431664060196875,-3.8999215402506366
17,1,Unrelated Foil,-5.785245618053183,-3.617915893449063,0.08434952952539174,0.026838552649875932,-5.785245618053183,-3.617915893449063
18,3,Target,-0.43799623104948254,-0.026903488303935526,0.3083059299299448,0.9734551868019758,-0.43799623104948254,-0.026903488303935526
18,3,Target,-0.43799623104948254,-0.026903488303935526,0.3083059299299448,0.9734551868019758,-0.43799623104948254,-0.026903488303935526
18,3,Target,-0.43799623104948254,-0.026903488303935526,0.3083059299299448,0.9734551868019758,-0.43799623104948254,-0.026903488303935526
18,2,Target,-0.492856063814995,-0.020451207255774408,0.4366865340826093,0.9797565003165913,-0.492856063814995,-0.020451207255774408
18,2,Target,-0.492856063814995,-0.020451207255774408,0.43668653408260927,0.9797565003165913,-0.492856063814995,-0.020451207255774408
18,1,Target,-0.31998016727332507,-0.027205283170913877,0.7398862688118241,0.9731614473501244,-0.31998016727332507,-0.027205283170913877
18,3,Target,-0.43799623104948254,-0.02690348830393564,0.3083059299299448,0.9734551868019757,-0.43799623104948254,-0.02690348830393564
18,3,Target,-0.43799623104948254,-0.02690348830393564,0.3083059299299448,0.9734551868019757,-0.43799623104948254,-0.02690348830393564
18,3,Target,-0.43799623104948254,-0.02690348830393564,0.3083059299299448,0.9734551868019757,-0.43799623104948254,-0.02690348830393564
18,2,Target,-0.492856063814995,-0.020451207255774408,0.43668653408260927,0.9797565003165913,-0.492856063814995,-0.020451207255774408
18,2,Target,-0.492856063814995,-0.020451207255774408,0.4366865340826093,0.9797565003165913,-0.492856063814995,-0.020451207255774408
18,1,Target,-0.31998016727332507,-0.02720528317091422,0.7398862688118241,0.9731614473501241,-0.31998016727332507,-0.02720528317091422
18,3,Related Foil,-2.7494911652405825,-0.026903488303935526,0.020375580926392464,0.9734551868019758,-2.7494911652405825,-0.026903488303935526
18,3,Related Foil,-2.7494911652405825,-0.026903488303935526,0.02037558092639246,0.9734551868019758,-2.7494911652405825,-0.026903488303935526
18,3,Related Foil,-2.7474101051000854,-0.026903488303935526,0.02037017871253576,0.9734551868019758,-2.7474101051000854,-0.026903488303935526
18,2,Related Foil,-3.1601542913187792,-0.020451207255774408,0.01540215840076942,0.9797565003165913,-3.1601542913187792,-0.020451207255774408
18,2,Related Foil,-3.1601542913187792,-0.020451207255774408,0.015402158400769419,0.9797565003165913,-3.1601542913187792,-0.020451207255774408
18,1,Related Foil,-3.854321494259782,-0.027205283170913877,0.020413028612835636,0.9731614473501244,-3.854321494259782,-0.027205283170913877
18,3,Related Foil,-2.7494911652405825,-0.02690348830393564,0.02037558092639246,0.9734551868019757,-2.7494911652405825,-0.02690348830393564
18,3,Related Foil,-2.7494911652405825,-0.02690348830393564,0.020375580926392464,0.9734551868019757,-2.7494911652405825,-0.02690348830393564
18,3,Related Foil,-2.7474101051000854,-0.02690348830393564,0.020370178712535762,0.9734551868019757,-2.7474101051000854,-0.02690348830393564
18,2,Related Foil,-3.1601542913187792,-0.020451207255774408,0.01540215840076942,0.9797565003165913,-3.1601542913187792,-0.020451207255774408
18,2,Related Foil,-3.1601542913187792,-0.020451207255774408,0.015402158400769419,0.9797565003165913,-3.1601542913187792,-0.020451207255774408
18,1,Related Foil,-3.854321494259782,-0.02720528317091422,0.02041302861283564,0.9731614473501241,-3.854321494259782,-0.02720528317091422
18,3,Unrelated Foil,-4.632069815601579,-3.6289209101524915,0.08372385185210128,0.026544813198024295,-4.632069815601579,-3.6289209101524915
18,3,Unrelated Foil,-4.632069815601579,-3.6289209101524915,0.08372385185210128,0.026544813198024295,-4.632069815601579,-3.6289209101524915
18,3,Unrelated Foil,-4.617922899146098,-3.6289209101524915,0.08352574109298187,0.026544813198024295,-4.617922899146098,-3.6289209101524915
18,2,Unrelated Foil,-5.0431664060196875,-3.8999215402506366,0.0836839003838361,0.020243499683408606,-5.0431664060196875,-3.8999215402506366
18,2,Unrelated Foil,-5.0431664060196875,-3.8999215402506366,0.0836839003838361,0.020243499683408606,-5.0431664060196875,-3.8999215402506366
18,1,Unrelated Foil,-5.785245618053183,-3.617915893449063,0.08434952952539174,0.026838552649875932,-5.785245618053183,-3.617915893449063
18,3,Unrelated Foil,-4.632069815601579,-3.6289209101524915,0.08372385185210128,0.026544813198024295,-4.632069815601579,-3.6289209101524915
18,3,Unrelated Foil,-4.632069815601579,-3.6289209101524915,0.08372385185210128,0.026544813198024295,-4.632069815601579,-3.6289209101524915
18,3,Unrelated Foil,-4.617922899146098,-3.6289209101524915,0.08352574109298186,0.026544813198024295,-4.617922899146098,-3.6289209101524915
18,2,Unrelated Foil,-5.0431664060196875,-3.8999215402506366,0.08368390038383608,0.02024349968340861,-5.0431664060196875,-3.8999215402506366
18,2,Unrelated Foil,-5.0431664060196875,-3.8999215402506366,0.08368390038383608,0.02024349968340861,-5.0431664060196875,-3.8999215402506366
18,1,Unrelated Foil,-5.785245618053183,-3.617915893449063,0.08434952952539171,0.026838552649875932,-5.785245618053183,-3.617915893449063
19,3,Target,-0.43799623104948254,-0.02690348830393564,0.3083059299299448,0.9734551868019757,-0.43799623104948254,-0.02690348830393564
19,3,Target,-0.43799623104948254,-0.02690348830393564,0.3083059299299448,0.9734551868019757,-0.43799623104948254,-0.02690348830393564
19,3,Target,-0.43799623104948254,-0.02690348830393564,0.3083059299299448,0.9734551868019757,-0.43799623104948254,-0.02690348830393564
19,2,Target,-0.492856063814995,-0.020451207255774408,0.4366865340826093,0.9797565003165913,-0.492856063814995,-0.020451207255774408
19,2,Target,-0.492856063814995,-0.020451207255774408,0.43668653408260927,0.9797565003165913,-0.492856063814995,-0.020451207255774408
19,1,Target,-0.31998016727332507,-0.02720528317091422,0.7398862688118241,0.9731614473501241,-0.31998016727332507,-0.02720528317091422
19,3,Target,-0.43799623104948254,-0.02690348830393564,0.3083059299299448,0.9734551868019757,-0.43799623104948254,-0.02690348830393564
19,3,Target,-0.43799623104948254,-0.02690348830393564,0.3083059299299448,0.9734551868019757,-0.43799623104948254,-0.02690348830393564
19,3,Target,-0.43799623104948254,-0.02690348830393564,0.3083059299299448,0.9734551868019757,-0.43799623104948254,-0.02690348830393564
19,2,Target,-0.492856063814995,-0.020451207255774408,0.4366865340826093,0.9797565003165913,-0.492856063814995,-0.020451207255774408
19,2,Target,-0.492856063814995,-0.020451207255774408,0.43668653408260927,0.9797565003165913,-0.492856063814995,-0.020451207255774408
19,1,Target,-0.31998016727332507,-0.02720528317091422,0.7398862688118241,0.9731614473501241,-0.31998016727332507,-0.02720528317091422
19,3,Related Foil,-2.7494911652405825,-0.02690348830393564,0.020375580926392464,0.9734551868019757,-2.7494911652405825,-0.02690348830393564
19,3,Related Foil,-2.7494911652405825,-0.02690348830393564,0.02037558092639246,0.9734551868019757,-2.7494911652405825,-0.02690348830393564
19,3,Related Foil,-2.7474101051000854,-0.02690348830393564,0.020370178712535762,0.9734551868019757,-2.7474101051000854,-0.02690348830393564
19,2,Related Foil,-3.1601542913187792,-0.020451207255774408,0.01540215840076942,0.9797565003165913,-3.1601542913187792,-0.020451207255774408
19,2,Related Foil,-3.1601542913187792,-0.020451207255774408,0.015402158400769419,0.9797565003165913,-3.1601542913187792,-0.020451207255774408
19,1,Related Foil,-3.854321494259782,-0.02720528317091422,0.02041302861283564,0.9731614473501241,-3.854321494259782,-0.02720528317091422
19,3,Related Foil,-2.7494911652405825,-0.02690348830393564,0.020375580926392464,0.9734551868019757,-2.7494911652405825,-0.02690348830393564
19,3,Related Foil,-2.7494911652405825,-0.02690348830393564,0.02037558092639246,0.9734551868019757,-2.7494911652405825,-0.02690348830393564
19,3,Related Foil,-2.7474101051000854,-0.02690348830393564,0.020370178712535762,0.9734551868019757,-2.7474101051000854,-0.02690348830393564
19,2,Related Foil,-3.1601542913187792,-0.020451207255774408,0.01540215840076942,0.9797565003165913,-3.1601542913187792,-0.020451207255774408
19,2,Related Foil,-3.1601542913187792,-0.020451207255774408,0.015402158400769419,0.9797565003165913,-3.1601542913187792,-0.020451207255774408
19,1,Related Foil,-3.854321494259782,-0.02720528317091422,0.02041302861283564,0.9731614473501241,-3.854321494259782,-0.02720528317091422
19,3,Unrelated Foil,-4.632069815601579,-3.6289209101524915,0.08372385185210128,0.026544813198024295,-4.632069815601579,-3.6289209101524915
19,3,Unrelated Foil,-4.632069815601579,-3.6289209101524915,0.08372385185210128,0.026544813198024295,-4.632069815601579,-3.6289209101524915
19,3,Unrelated Foil,-4.617922899146098,-3.6289209101524915,0.08352574109298186,0.026544813198024295,-4.617922899146098,-3.6289209101524915
19,2,Unrelated Foil,-5.0431664060196875,-3.8999215402506366,0.08368390038383608,0.02024349968340861,-5.0431664060196875,-3.8999215402506366
19,2,Unrelated Foil,-5.0431664060196875,-3.8999215402506366,0.08368390038383608,0.02024349968340861,-5.0431664060196875,-3.8999215402506366
19,1,Unrelated Foil,-5.785245618053183,-3.617915893449063,0.08434952952539171,0.026838552649875932,-5.785245618053183,-3.617915893449063
19,3,Unrelated Foil,-4.632069815601579,-3.6289209101524915,0.08372385185210128,0.026544813198024295,-4.632069815601579,-3.6289209101524915
19,3,Unrelated Foil,-4.632069815601579,-3.6289209101524915,0.08372385185210128,0.026544813198024295,-4.632069815601579,-3.6289209101524915
19,3,Unrelated Foil,-4.617922899146098,-3.6289209101524915,0.08352574109298186,0.026544813198024295,-4.617922899146098,-3.6289209101524915
19,2,Unrelated Foil,-5.0431664060196875,-3.8999215402506366,0.08368390038383608,0.02024349968340861,-5.0431664060196875,-3.8999215402506366
19,2,Unrelated Foil,-5.0431664060196875,-3.8999215402506366,0.08368390038383608,0.02024349968340861,-5.0431664060196875,-3.8999215402506366
19,1,Unrelated Foil,-5.785245618053183,-3.617915893449063,0.08434952952539171,0.026838552649875932,-5.785245618053183,-3.617915893449063
