seed,epoch,block,label_rate,accuracy,pred_share_B
1,1,1,1.0,0.97,0.4937357143529156
1,1,2,1.0,0.97,0.4951175754902433
1,1,3,1.0,0.97,0.49558921081204793
1,1,4,1.0,0.97,0.4958272446089672
1,1,5,1.0,0.97,0.49597066619402624
1,1,6,1.0,0.97,0.49606658382868235
1,1,7,1.0,0.97,0.4961353211780695
1,1,8,1.0,0.97,0.4961868271892007
1,1,9,1.0,0.97,0.4962270265779122
1,1,10,1.0,0.97,0.4962592690185501
1,1,11,1.0,0.97,0.4962854977996609
1,1,12,1.0,0.97,0.49630754306671526
1,2,1,1.0,0.97,0.49307321107621016
1,2,2,1.0,0.97,0.4925891131989839
1,2,3,1.0,0.97,0.492434044797781
1,2,4,1.0,0.97,0.49235785689007605
1,2,5,1.0,0.97,0.4923124441315691
1,2,6,1.0,0.97,0.49228242385411114
1,2,7,1.0,0.97,0.49226099487975516
1,2,8,1.0,0.97,0.4922449848364643
1,2,9,1.0,0.97,0.49223261704193405
1,2,10,1.0,0.97,0.49222267028270184
1,2,11,1.0,0.97,0.4922145040267253
1,2,12,1.0,0.97,0.49220789638360357
1,3,1,1.0,0.97,0.49399808544211316
1,3,2,1.0,0.97,0.49572631653762683
1,3,3,1.0,0.97,0.496312262789459
1,3,4,1.0,0.97,0.4966072640513906
1,3,5,1.0,0.97,0.4967849263123539
1,3,6,1.0,0.97,0.49690361157085017
1,3,7,1.0,0.97,0.4969886627844645
1,3,8,1.0,0.97,0.49705240597128614
1,3,9,1.0,0.97,0.4971021281783794
1,3,10,1.0,0.97,0.4971418956668598
1,3,11,1.0,0.97,0.4971744308631542
1,3,12,1.0,0.97,0.4972016876922927
1,1,1,0.5,0.97,0.4572807646247285
1,1,2,0.5,0.97,0.4346168045820167
1,1,3,0.5,0.97,0.4361652028625908
1,1,4,0.5,0.97,0.438183456019415
1,1,5,0.5,0.97,0.43797654846961415
1,1,6,0.5,0.97,0.43771497870676235
1,1,7,0.5,0.97,0.43775003637330945
1,1,8,0.5,0.97,0.4379648831252196
1,1,9,0.5,0.97,0.4387115094519987
1,1,10,0.5,0.97,0.4385238291781375
1,1,11,0.5,0.97,0.43930510281977364
1,1,12,0.5,0.97,0.4400051313305198
1,2,1,0.5,0.97,0.41721583491683434
1,2,2,0.5,0.97,0.41688516138082343
1,2,3,0.5,0.97,0.4171186319363532
1,2,4,0.5,0.97,0.41708172287733064
1,2,5,0.5,0.97,0.4175429334030394
1,2,6,0.5,0.97,0.4173276074058835
1,2,7,0.5,0.97,0.4173916515984559
1,2,8,0.5,0.97,0.41738066420955283
1,2,9,0.5,0.97,0.41739663405742994
1,2,10,0.5,0.97,0.41757682722194356
1,2,11,0.5,0.97,0.4178106377741143
1,2,12,0.5,0.97,0.4177053413403764
1,3,1,0.5,0.97,0.25013230023148886
1,3,2,0.5,0.97,0.24648522709664228
1,3,3,0.5,0.97,0.2459291567915124
1,3,4,0.5,0.97,0.24430558738982566
1,3,5,0.5,0.97,0.24437867874871255
1,3,6,0.5,0.97,0.24498590943074824
1,3,7,0.5,0.97,0.24528193005017038
1,3,8,0.5,0.97,0.24536370355483839
1,3,9,0.5,0.97,0.24531505253263686
1,3,10,0.5,0.97,0.2460100999580066
1,3,11,0.5,0.97,0.2581612748078758
1,3,12,0.5,0.97,0.2578187072167082
1,1,1,0.25,0.97,0.2827166330960537
1,1,2,0.25,0.97,0.27878266649139527
1,1,3,0.25,0.97,0.27931249219910403
1,1,4,0.25,0.97,0.2790996053930801
1,1,5,0.25,0.97,0.2800545652462072
1,1,6,0.25,0.97,0.2799164047776892
1,1,7,0.25,0.97,0.2794549528833054
1,1,8,0.25,0.97,0.2795343054521493
1,1,9,0.25,0.97,0.27927336917049694
1,1,10,0.25,0.97,0.2785520150821979
1,1,11,0.25,0.97,0.2781654012497107
1,1,12,0.25,0.97,0.27863370937008464
1,2,1,0.25,0.97,0.3560728791259145
1,2,2,0.25,0.97,0.3528098196018801
1,2,3,0.25,0.97,0.3541670655289083
1,2,4,0.25,0.97,0.35446094881608564
1,2,5,0.25,0.97,0.3542521069599757
1,2,6,0.25,0.97,0.3546231365083978
1,2,7,0.25,0.97,0.3549605588097615
1,2,8,0.25,0.97,0.355604732586884
1,2,9,0.25,0.97,0.35570355778980445
1,2,10,0.25,0.97,0.35627749943638803
1,2,11,0.25,0.97,0.35620992593019773
1,2,12,0.25,0.97,0.35604269931101784
1,3,1,0.25,0.97,0.17266609900543067
1,3,2,0.25,0.97,0.1674794154195459
1,3,3,0.25,0.97,0.16867174376456912
1,3,4,0.25,0.97,0.1686796550650722
1,3,5,0.25,0.97,0.1700526790697774
1,3,6,0.25,0.97,0.17024761058027277
1,3,7,0.25,0.97,0.17030230283172096
1,3,8,0.25,0.97,0.17021732232028308
1,3,9,0.25,0.97,0.17051615333115364
1,3,10,0.25,0.97,0.16981905153034166
1,3,11,0.25,0.97,0.16965249184760747
1,3,12,0.25,0.97,0.16971232778038697
1,1,1,0.1,0.97,0.15019469256675658
1,1,2,0.1,0.97,0.15181237856192248
1,1,3,0.1,0.97,0.15332665680515095
1,1,4,0.1,0.97,0.15480140181407645
1,1,5,0.1,0.97,0.15414210572366607
1,1,6,0.1,0.97,0.1532140658016094
1,1,7,0.1,0.97,0.1531569168863202
1,1,8,0.1,0.97,0.15356204590049363
1,1,9,0.1,0.97,0.1533276183914916
1,1,10,0.1,0.97,0.15344510610004577
1,1,11,0.1,0.97,0.15392674244370066
1,1,12,0.1,0.97,0.1533718929102813
1,2,1,0.1,0.97,0.24374213348081117
1,2,2,0.1,0.97,0.2449452848848205
1,2,3,0.1,0.97,0.24701053902770692
1,2,4,0.1,0.97,0.24671295259057643
1,2,5,0.1,0.97,0.24829370983476395
1,2,6,0.1,0.97,0.24814885657728764
1,2,7,0.1,0.97,0.24797680977726852
1,2,8,0.1,0.97,0.2477083177093759
1,2,9,0.1,0.97,0.24796961324309252
1,2,10,0.1,0.97,0.24801631645426842
1,2,11,0.1,0.97,0.24780701664774557
1,2,12,0.1,0.97,0.24754722863735146
1,3,1,0.1,0.97,0.1646618549358504
1,3,2,0.1,0.97,0.16159928611256424
1,3,3,0.1,0.97,0.15956727782762206
1,3,4,0.1,0.97,0.1592317564122712
1,3,5,0.1,0.97,0.1607565927364222
1,3,6,0.1,0.97,0.16025743849983734
1,3,7,0.1,0.97,0.16017350235581762
1,3,8,0.1,0.97,0.1599614281997432
1,3,9,0.1,0.97,0.1597502752376495
1,3,10,0.1,0.97,0.16026883040460377
1,3,11,0.1,0.97,0.15983796670573716
1,3,12,0.1,0.97,0.16000221219118216
1,1,1,0.05,0.89375,0.28309915463996693
1,1,2,0.05,0.89375,0.293611855274283
1,1,3,0.05,0.89375,0.29820109795903077
1,1,4,0.05,0.89375,0.30052519458100024
1,1,5,0.05,0.89375,0.3007674924168386
1,1,6,0.05,0.89375,0.30176402250432266
1,1,7,0.05,0.89375,0.3018945233277707
1,1,8,0.05,0.89375,0.30259691999561716
1,1,9,0.05,0.89375,0.3017442002780641
1,1,10,0.05,0.89375,0.3020249330426373
1,1,11,0.05,0.42375,0.30358704295551453
1,1,12,0.05,0.42375,0.3034124109074471
1,2,1,0.05,0.41125,0.0927453525496693
1,2,2,0.05,0.41125,0.09246003994753037
1,2,3,0.05,0.41125,0.09086224073675453
1,2,4,0.05,0.41125,0.09060713354363094
1,2,5,0.05,0.41125,0.09671993177406688
1,2,6,0.05,0.41125,0.0977430220834348
1,2,7,0.05,0.41125,0.09927123676354958
1,2,8,0.05,0.41125,0.10023202786727049
1,2,9,0.05,0.41125,0.09913081399168569
1,2,10,0.05,0.41125,0.1007898928214589
1,2,11,0.05,0.41125,0.09987139859600518
1,2,12,0.05,0.41125,0.09926653987061922
1,3,1,0.05,0.97,0.2661167679726234
1,3,2,0.05,0.97,0.2609229148821362
1,3,3,0.05,0.97,0.262529240518572
1,3,4,0.05,0.97,0.26174979509268664
1,3,5,0.05,0.97,0.2616933740939904
1,3,6,0.05,0.97,0.26149989795851925
1,3,7,0.05,0.97,0.2616115586550895
1,3,8,0.05,0.97,0.2627414568623221
1,3,9,0.05,0.97,0.26231873919480353
1,3,10,0.05,0.97,0.2626096968822462
1,3,11,0.05,0.97,0.26216066727105397
1,3,12,0.05,0.97,0.2622253626000955
32,1,1,1.0,0.9675,0.4960130619887538
32,1,2,1.0,0.9675,0.49707363772437974
32,1,3,1.0,0.9675,0.497435699399992
32,1,4,1.0,0.9675,0.4976184256850438
32,1,5,1.0,0.9675,0.4977286255796533
32,1,6,1.0,0.9675,0.49780231883677833
32,1,7,1.0,0.9675,0.49785497273566137
32,1,8,1.0,0.9675,0.49789463384346705
32,1,9,1.0,0.9675,0.49792545827103774
32,1,10,1.0,0.9675,0.4979501146487729
32,1,11,1.0,0.9675,0.49797033832455495
32,1,12,1.0,0.9675,0.4979871750332841
32,2,1,1.0,0.9675,0.4917503001877634
32,2,2,1.0,0.9675,0.49276780946429777
32,2,3,1.0,0.9675,0.4931146078084302
32,2,4,1.0,0.9675,0.4932895089605557
32,2,5,1.0,0.9675,0.49339490428740135
32,2,6,1.0,0.9675,0.49346537974778165
32,2,7,1.0,0.9675,0.4935157315224963
32,2,8,1.0,0.9675,0.49355363808241043
32,2,9,1.0,0.9675,0.49358313698133055
32,2,10,1.0,0.9675,0.49360661658073535
32,2,11,1.0,0.9675,0.49362604181830705
32,2,12,1.0,0.9675,0.4936420580047678
32,3,1,1.0,0.9675,0.49752622540282354
32,3,2,1.0,0.9675,0.49876061610696865
32,3,3,1.0,0.9675,0.4991837274367502
32,3,4,1.0,0.9675,0.49939751444263747
32,3,5,1.0,0.9675,0.49952656521181926
32,3,6,1.0,0.9675,0.4996128764958641
32,3,7,1.0,0.9675,0.49967466710019787
32,3,8,1.0,0.9675,0.49972107085843176
32,3,9,1.0,0.9675,0.49975731966571607
32,3,10,1.0,0.9675,0.49978622239102966
32,3,11,1.0,0.9675,0.4998100213877471
32,3,12,1.0,0.9675,0.4998296283129255
32,1,1,0.5,0.9675,0.26766064960511393
32,1,2,0.5,0.9675,0.27732214144898765
32,1,3,0.5,0.9675,0.26668320805163537
32,1,4,0.5,0.9675,0.26831561674268506
32,1,5,0.5,0.9675,0.2674860086800512
32,1,6,0.5,0.9675,0.2674268486106507
32,1,7,0.5,0.9675,0.2662314703729495
32,1,8,0.5,0.9675,0.2672086130508287
32,1,9,0.5,0.9675,0.26673956632341334
32,1,10,0.5,0.9675,0.2664225816786736
32,1,11,0.5,0.9675,0.2666800311432459
32,1,12,0.5,0.9675,0.26655782829936836
32,2,1,0.5,0.9675,0.4258121191105522
32,2,2,0.5,0.9675,0.4248661428655132
32,2,3,0.5,0.9675,0.4235667871106999
32,2,4,0.5,0.9675,0.4232181960681258
32,2,5,0.5,0.9675,0.42380919535961115
32,2,6,0.5,0.9675,0.42401709373591073
32,2,7,0.5,0.9675,0.4238621816228702
32,2,8,0.5,0.9675,0.4239751177864256
32,2,9,0.5,0.9675,0.4241522165604459
32,2,10,0.5,0.9675,0.4239082521582265
32,2,11,0.5,0.9675,0.4237684146128916
32,2,12,0.5,0.9675,0.42407682702029925
32,3,1,0.5,0.9675,0.4395803897985052
32,3,2,0.5,0.9675,0.4424602697305826
32,3,3,0.5,0.9675,0.4412935110636215
32,3,4,0.5,0.9675,0.44056454087107366
32,3,5,0.5,0.9675,0.4399177215250858
32,3,6,0.5,0.9675,0.44005900227207023
32,3,7,0.5,0.9675,0.4398463313034921
32,3,8,0.5,0.9675,0.4397277737516579
32,3,9,0.5,0.9675,0.43931113665824845
32,3,10,0.5,0.9675,0.43926035225116583
32,3,11,0.5,0.9675,0.43923696311896093
32,3,12,0.5,0.9675,0.43928004587201125
32,1,1,0.25,0.9675,0.17671678125906934
32,1,2,0.25,0.9675,0.17455836363414362
32,1,3,0.25,0.9675,0.1724582665807263
32,1,4,0.25,0.9675,0.17260907558778094
32,1,5,0.25,0.9675,0.17316204113707634
32,1,6,0.25,0.9675,0.1754487097764738
32,1,7,0.25,0.9675,0.17499965722013133
32,1,8,0.25,0.9675,0.17467818924749495
32,1,9,0.25,0.9675,0.1744530884457533
32,1,10,0.25,0.9675,0.17405080596138794
32,1,11,0.25,0.9675,0.17380518371690554
32,1,12,0.25,0.9675,0.17343489050626204
32,2,1,0.25,0.9675,0.4169419073318522
32,2,2,0.25,0.5,0.41776316341997694
32,2,3,0.25,0.5,0.41702256607111393
32,2,4,0.25,0.5,0.4163965475212183
32,2,5,0.25,0.9675,0.4162189002920219
32,2,6,0.25,0.9675,0.4160060647598898
32,2,7,0.25,0.9675,0.4162184310485113
32,2,8,0.25,0.5,0.4168580133911955
32,2,9,0.25,0.5,0.4166847952254622
32,2,10,0.25,0.5,0.41695615149807547
32,2,11,0.25,0.5,0.4167755505490994
32,2,12,0.25,0.5,0.4167711186861981
32,3,1,0.25,0.9675,0.19168417874836977
32,3,2,0.25,0.9675,0.19369070149682024
32,3,3,0.25,0.9675,0.19164576161249514
32,3,4,0.25,0.9675,0.19340149277189717
32,3,5,0.25,0.9675,0.19218184117045842
32,3,6,0.25,0.9675,0.19190328231838502
32,3,7,0.25,0.9675,0.19132469064458832
32,3,8,0.25,0.9675,0.19161608472142547
32,3,9,0.25,0.9675,0.19145169936451883
32,3,10,0.25,0.9675,0.19134774722096076
32,3,11,0.25,0.9675,0.19173236321424983
32,3,12,0.25,0.9675,0.1917217051095767
32,1,1,0.1,0.9675,0.22319080229496124
32,1,2,0.1,0.9675,0.22793031498663693
32,1,3,0.1,0.9675,0.23230676584656945
32,1,4,0.1,0.9675,0.23161542648803618
32,1,5,0.1,0.9675,0.23180899371242616
32,1,6,0.1,0.9675,0.23258376615714088
32,1,7,0.1,0.9675,0.23168358995472496
32,1,8,0.1,0.9675,0.23178589858512272
32,1,9,0.1,0.9675,0.2313712202759431
32,1,10,0.1,0.9675,0.2315113904736743
32,1,11,0.1,0.9675,0.2320310489930133
32,1,12,0.1,0.9675,0.23184624892691055
32,2,1,0.1,0.9,0.2635236758864769
32,2,2,0.1,0.9,0.26452603685586246
32,2,3,0.1,0.9,0.26549377820915976
32,2,4,0.1,0.9,0.26506881818141553
32,2,5,0.1,0.9,0.2650300064898126
32,2,6,0.1,0.9,0.2645914456284471
32,2,7,0.1,0.9,0.26442318430927025
32,2,8,0.1,0.9,0.26492497745124544
32,2,9,0.1,0.9,0.26495798072359855
32,2,10,0.1,0.9,0.2647166478708404
32,2,11,0.1,0.9,0.26525616049822665
32,2,12,0.1,0.9,0.2649052479562792
32,3,1,0.1,0.9675,0.1659697935743135
32,3,2,0.1,0.9675,0.16443950890914638
32,3,3,0.1,0.9675,0.1656344137527023
32,3,4,0.1,0.9675,0.16574966261465043
32,3,5,0.1,0.9675,0.16471542544747947
32,3,6,0.1,0.9675,0.1639238380562201
32,3,7,0.1,0.9675,0.16447452889149963
32,3,8,0.1,0.9675,0.16383837564204815
32,3,9,0.1,0.9675,0.1634904067544734
32,3,10,0.1,0.9675,0.16366232491830204
32,3,11,0.1,0.9675,0.16362027708227037
32,3,12,0.1,0.9675,0.16363938312086115
32,1,1,0.05,0.9675,0.3208253128435326
32,1,2,0.05,0.9675,0.32063337413384685
32,1,3,0.05,0.9675,0.32233980504266063
32,1,4,0.05,0.9675,0.32494651459596713
32,1,5,0.05,0.9675,0.3247570303533087
32,1,6,0.05,0.9675,0.3269015845686246
32,1,7,0.05,0.9675,0.32708316238444185
32,1,8,0.05,0.9675,0.32700075928494243
32,1,9,0.05,0.9675,0.32690030150069654
32,1,10,0.05,0.9675,0.3276752146463686
32,1,11,0.05,0.9675,0.3277258198220487
32,1,12,0.05,0.9675,0.327682029723786
32,2,1,0.05,0.9675,0.16302946022261133
32,2,2,0.05,0.9675,0.16104584649594705
32,2,3,0.05,0.9675,0.15970139230761612
32,2,4,0.05,0.9675,0.16101615601019337
32,2,5,0.05,0.9675,0.1608689845321222
32,2,6,0.05,0.9675,0.16091356242871918
32,2,7,0.05,0.9675,0.16138348834616212
32,2,8,0.05,0.9675,0.16170919247150714
32,2,9,0.05,0.9675,0.1610436414542393
32,2,10,0.05,0.9675,0.16157510901266106
32,2,11,0.05,0.9675,0.1610735830668512
32,2,12,0.05,0.9675,0.16067038015439658
32,3,1,0.05,0.45875,0.07846157945161134
32,3,2,0.05,0.8875,0.08834639635993696
32,3,3,0.05,0.8875,0.08597442564254447
32,3,4,0.05,0.8875,0.08780046276305875
32,3,5,0.05,0.8875,0.08569113653686593
32,3,6,0.05,0.8875,0.08735514474587855
32,3,7,0.05,0.8875,0.08694812007257799
32,3,8,0.05,0.8875,0.08640695089174459
32,3,9,0.05,0.8875,0.0866154221582487
32,3,10,0.05,0.8875,0.08436828023213208
32,3,11,0.05,0.8875,0.08515097142375332
32,3,12,0.05,0.8875,0.0850268810347799
64,1,1,1.0,0.96875,0.49872529364780377
64,1,2,1.0,0.96875,0.5004792008409846
64,1,3,1.0,0.96875,0.5010747547824823
64,1,4,1.0,0.96875,0.501374674811059
64,1,5,1.0,0.96875,0.5015552029315693
64,1,6,1.0,0.96875,0.5016758627412514
64,1,7,1.0,0.96875,0.5017622246805269
64,1,8,1.0,0.96875,0.5018270576050652
64,1,9,1.0,0.96875,0.5018775802734159
64,1,10,1.0,0.96875,0.501917903361173
64,1,11,1.0,0.96875,0.5019509720014984
64,1,12,1.0,0.96875,0.5019786343887539
64,2,1,1.0,0.96875,0.49670302768397095
64,2,2,1.0,0.96875,0.4984288080784076
64,2,3,1.0,0.96875,0.49894797875288643
64,2,4,1.0,0.96875,0.4991993113286242
64,2,5,1.0,0.96875,0.49934775096495826
64,2,6,1.0,0.96875,0.49944575095996646
64,2,7,1.0,0.96875,0.49951525818179354
64,2,8,1.0,0.96875,0.49956718150821106
64,2,9,1.0,0.96875,0.4996073866404523
64,2,10,1.0,0.96875,0.49963947691629523
64,2,11,1.0,0.96875,0.4996656303796464
64,2,12,1.0,0.96875,0.49968749681358626
64,3,1,1.0,0.96875,0.49290577977467054
64,3,2,1.0,0.96875,0.4923948511591194
64,3,3,1.0,0.96875,0.4922089394166865
64,3,4,1.0,0.96875,0.49211301247521155
64,3,5,1.0,0.96875,0.4920544223056563
64,3,6,1.0,0.96875,0.49201502230584654
64,3,7,1.0,0.96875,0.4919865859613944
64,3,8,1.0,0.96875,0.49196514641297256
64,3,9,1.0,0.96875,0.49194848023137766
64,3,10,1.0,0.96875,0.4919350278125926
64,3,11,1.0,0.96875,0.49192393038474885
64,3,12,1.0,0.96875,0.4919149793734476
64,1,1,0.5,0.96875,0.2815772276594458
64,1,2,0.5,0.96875,0.28089417595584426
64,1,3,0.5,0.96875,0.2840875536723429
64,1,4,0.5,0.96875,0.2853016901800738
64,1,5,0.5,0.96875,0.2856838923535075
64,1,6,0.5,0.96875,0.28583852666661863
64,1,7,0.5,0.96875,0.2860202635238021
64,1,8,0.5,0.96875,0.2852907101117458
64,1,9,0.5,0.96875,0.28315763887156853
64,1,10,0.5,0.96875,0.2824425906209618
64,1,11,0.5,0.96875,0.28151734009954577
64,1,12,0.5,0.96875,0.28141545577980026
64,2,1,0.5,0.96875,0.22360793253655842
64,2,2,0.5,0.96875,0.22725459687753133
64,2,3,0.5,0.96875,0.22901748154501445
64,2,4,0.5,0.96875,0.2302820384024637
64,2,5,0.5,0.96875,0.22888920929363274
64,2,6,0.5,0.96875,0.2279797622712884
64,2,7,0.5,0.96875,0.22821416634117145
64,2,8,0.5,0.96875,0.2276912140838875
64,2,9,0.5,0.96875,0.22734111586655675
64,2,10,0.5,0.96875,0.22733833972230574
64,2,11,0.5,0.96875,0.22747851865192914
64,2,12,0.5,0.96875,0.22768987378091976
64,3,1,0.5,0.96875,0.3167203416293411
64,3,2,0.5,0.96875,0.3173144571611084
64,3,3,0.5,0.96875,0.3191296028387707
64,3,4,0.5,0.96875,0.31942164559143155
64,3,5,0.5,0.96875,0.3190675739087627
64,3,6,0.5,0.96875,0.3212226098209311
64,3,7,0.5,0.96875,0.3219011306922532
64,3,8,0.5,0.96875,0.32184527849335814
64,3,9,0.5,0.96875,0.3223884544566649
64,3,10,0.5,0.96875,0.3233682488700975
64,3,11,0.5,0.96875,0.32360370060546306
64,3,12,0.5,0.96875,0.3239249249742003
64,1,1,0.25,0.095,0.10629660783216785
64,1,2,0.25,0.095,0.10589345344908976
64,1,3,0.25,0.095,0.10707758875367142
64,1,4,0.25,0.095,0.10743904534821848
64,1,5,0.25,0.095,0.10644169107319872
64,1,6,0.25,0.095,0.10756474270732114
64,1,7,0.25,0.095,0.10801255276551384
64,1,8,0.25,0.095,0.10778110081948344
64,1,9,0.25,0.095,0.10775047162974002
64,1,10,0.25,0.095,0.10753877686773478
64,1,11,0.25,0.095,0.10781291230956123
64,1,12,0.25,0.095,0.10835147662983566
64,2,1,0.25,0.94,0.07601631439726216
64,2,2,0.25,0.94,0.07461994406592706
64,2,3,0.25,0.94,0.07392384893903024
64,2,4,0.25,0.94,0.0739445750298486
64,2,5,0.25,0.94,0.07319157690376825
64,2,6,0.25,0.94,0.07292273634442203
64,2,7,0.25,0.94,0.07311805820605781
64,2,8,0.25,0.94,0.10694509893947611
64,2,9,0.25,0.94,0.10723898444303728
64,2,10,0.25,0.94,0.07304997275466989
64,2,11,0.25,0.94,0.07311767392924035
64,2,12,0.25,0.94,0.07288664120331888
64,3,1,0.25,0.96875,0.09358641244211878
64,3,2,0.25,0.96875,0.09464882007271652
64,3,3,0.25,0.96875,0.09579771997311232
64,3,4,0.25,0.96875,0.09472485248300723
64,3,5,0.25,0.5425,0.09329249806022044
64,3,6,0.25,0.96875,0.09413534197464869
64,3,7,0.25,0.96875,0.09458086703609209
64,3,8,0.25,0.96875,0.09455239206459506
64,3,9,0.25,0.96875,0.09463768906966308
64,3,10,0.25,0.96875,0.09506345702446277
64,3,11,0.25,0.96875,0.09524969518726062
64,3,12,0.25,0.96875,0.09503564075448115
64,1,1,0.1,0.47125,0.05589819472685597
64,1,2,0.1,0.47125,0.05725956801212496
64,1,3,0.1,0.47125,0.059226771593376755
64,1,4,0.1,0.47125,0.056936611757500755
64,1,5,0.1,0.47125,0.05737009044430945
64,1,6,0.1,0.47125,0.058650823358324534
64,1,7,0.1,0.47125,0.060521196629679405
64,1,8,0.1,0.47125,0.06111684665429538
64,1,9,0.1,0.47125,0.061647289134757914
64,1,10,0.1,0.47125,0.06069640851752558
64,1,11,0.1,0.47125,0.06085969198154471
64,1,12,0.1,0.47125,0.06010764566078681
64,2,1,0.1,0.96875,0.14104182016824882
64,2,2,0.1,0.96875,0.1430010170981385
64,2,3,0.1,0.96875,0.14457757862869036
64,2,4,0.1,0.96875,0.14486671726506134
64,2,5,0.1,0.96875,0.1451338823531399
64,2,6,0.1,0.96875,0.14489016307212219
64,2,7,0.1,0.96875,0.1451709197085449
64,2,8,0.1,0.96875,0.14497120122301324
64,2,9,0.1,0.96875,0.145479752694154
64,2,10,0.1,0.96875,0.145677229697468
64,2,11,0.1,0.96875,0.14587213850140193
64,2,12,0.1,0.96875,0.14603647239026496
64,3,1,0.1,0.395,0.22646915309412768
64,3,2,0.1,0.395,0.22869016016081972
64,3,3,0.1,0.395,0.22129489816145295
64,3,4,0.1,0.395,0.22251263090133505
64,3,5,0.1,0.395,0.22009696762462422
64,3,6,0.1,0.395,0.21990387579596515
64,3,7,0.1,0.86375,0.2182456009978844
64,3,8,0.1,0.86375,0.21684435595821847
64,3,9,0.1,0.86375,0.21842641162117388
64,3,10,0.1,0.395,0.21875203661374232
64,3,11,0.1,0.395,0.21856719543147476
64,3,12,0.1,0.86375,0.2178650815452684
64,1,1,0.05,0.4325,0.08937356284509607
64,1,2,0.05,0.4325,0.08958853859954727
64,1,3,0.05,0.4325,0.08458614902802494
64,1,4,0.05,0.4325,0.08514484859133598
64,1,5,0.05,0.4325,0.08524848899475834
64,1,6,0.05,0.4325,0.08811967801986595
64,1,7,0.05,0.4325,0.08893492830187172
64,1,8,0.05,0.4325,0.09195556252542246
64,1,9,0.05,0.4325,0.09204379263398547
64,1,10,0.05,0.4325,0.09298490578435345
64,1,11,0.05,0.4325,0.09164642705906427
64,1,12,0.05,0.4325,0.0919196573929055
64,2,1,0.05,0.5,0.11520415604379956
64,2,2,0.05,0.5,0.10771334910391568
64,2,3,0.05,0.5,0.10530627747655115
64,2,4,0.05,0.5,0.1039239377098641
64,2,5,0.05,0.5,0.10664119922784446
64,2,6,0.05,0.5,0.107326538600236
64,2,7,0.05,0.5,0.108173789043027
64,2,8,0.05,0.5,0.10695667383142751
64,2,9,0.05,0.5,0.10759767701690112
64,2,10,0.05,0.5,0.1092135661158315
64,2,11,0.05,0.5,0.10925923387742387
64,2,12,0.05,0.5,0.1102928549964928
64,3,1,0.05,0.4325,0.10473335045315507
64,3,2,0.05,0.4325,0.11044437094054654
64,3,3,0.05,0.38875,0.11277749437316681
64,3,4,0.05,0.38875,0.1127816307713399
64,3,5,0.05,0.38875,0.11361249948212236
64,3,6,0.05,0.38875,0.11570197775716708
64,3,7,0.05,0.8575,0.11748176845447242
64,3,8,0.05,0.8575,0.1185434726145844
64,3,9,0.05,0.8575,0.11922395454363982
64,3,10,0.05,0.8575,0.1196885024065556
64,3,11,0.05,0.8575,0.11880340727821585
64,3,12,0.05,0.8575,0.11873427006118346
128,1,1,1.0,0.97,0.5061912315046428
128,1,2,1.0,0.97,0.507288689993952
128,1,3,1.0,0.97,0.5076653660633856
128,1,4,1.0,0.97,0.5078558780273442
128,1,5,1.0,0.97,0.5079707831727035
128,1,6,1.0,0.97,0.5080477895559646
128,1,7,1.0,0.97,0.5081028417341332
128,1,8,1.0,0.97,0.5081442895437103
128,1,9,1.0,0.97,0.5081764932656874
128,1,10,1.0,0.97,0.5082022445424376
128,1,11,1.0,0.97,0.5082233591266118
128,1,12,1.0,0.97,0.5082411119470739
128,2,1,1.0,0.97,0.5011432283758899
128,2,2,1.0,0.97,0.5015272135538682
128,2,3,1.0,0.97,0.5016569362367572
128,2,4,1.0,0.97,0.5017221030831845
128,2,5,1.0,0.97,0.5017612682126024
128,2,6,1.0,0.97,0.5017874669067386
128,2,7,1.0,0.97,0.5018062124382934
128,2,8,1.0,0.97,0.501820320119271
128,2,9,1.0,0.97,0.5018311623382765
128,2,10,1.0,0.97,0.501839999112941
128,2,11,1.0,0.97,0.5018471784239221
128,2,12,1.0,0.97,0.501853177752087
128,3,1,1.0,0.97,0.5029366754972889
128,3,2,1.0,0.97,0.5036344451745781
128,3,3,1.0,0.97,0.5038806199933333
128,3,4,1.0,0.97,0.5040063243890218
128,3,5,1.0,0.97,0.5040824996837497
128,3,6,1.0,0.97,0.5041337282546212
128,3,7,1.0,0.97,0.5041704451949967
128,3,8,1.0,0.97,0.5041981465982355
128,3,9,1.0,0.97,0.5042195978281319
128,3,10,1.0,0.97,0.5042368833127349
128,3,11,1.0,0.97,0.5042509865504219
128,3,12,1.0,0.97,0.5042629066471475
128,1,1,0.5,0.97,0.2627051752425557
128,1,2,0.5,0.97,0.2634235670009521
128,1,3,0.5,0.97,0.25884092171394774
128,1,4,0.5,0.97,0.2598479186636242
128,1,5,0.5,0.97,0.25834904237929596
128,1,6,0.5,0.97,0.25801844856009215
128,1,7,0.5,0.97,0.25941758199864506
128,1,8,0.5,0.97,0.2579174603094593
128,1,9,0.5,0.97,0.2572849469022839
128,1,10,0.5,0.97,0.2560775447156317
128,1,11,0.5,0.97,0.2559137008027318
128,1,12,0.5,0.97,0.2561414251435915
128,2,1,0.5,0.97,0.423630039901039
128,2,2,0.5,0.97,0.42570484365902567
128,2,3,0.5,0.97,0.4249799292972653
128,2,4,0.5,0.97,0.4245379077981268
128,2,5,0.5,0.97,0.42518960549109386
128,2,6,0.5,0.97,0.42521868180111383
128,2,7,0.5,0.97,0.4251667151490379
128,2,8,0.5,0.97,0.42499257573917393
128,2,9,0.5,0.97,0.425074480613796
128,2,10,0.5,0.97,0.42476889448099475
128,2,11,0.5,0.97,0.4247581863463214
128,2,12,0.5,0.97,0.42473950578659936
128,3,1,0.5,0.97,0.4526716061078397
128,3,2,0.5,0.97,0.4516726238087787
128,3,3,0.5,0.97,0.45520451944550366
128,3,4,0.5,0.97,0.4565789793021788
128,3,5,0.5,0.97,0.45456989567912687
128,3,6,0.5,0.97,0.45485043630302996
128,3,7,0.5,0.97,0.4544525754358101
128,3,8,0.5,0.97,0.4542305433771762
128,3,9,0.5,0.97,0.45428743946925615
128,3,10,0.5,0.97,0.4541206079426118
128,3,11,0.5,0.97,0.45412357796309666
128,3,12,0.5,0.97,0.4539113201078665
128,1,1,0.25,0.97,0.25939193868012345
128,1,2,0.25,0.97,0.2623525631269685
128,1,3,0.25,0.97,0.26309209879429213
128,1,4,0.25,0.97,0.2650380324209745
128,1,5,0.25,0.97,0.26504495321520993
128,1,6,0.25,0.97,0.2648845554832196
128,1,7,0.25,0.97,0.26486788827861296
128,1,8,0.25,0.97,0.2648814927737573
128,1,9,0.25,0.97,0.2651501064780501
128,1,10,0.25,0.97,0.2650864133513734
128,1,11,0.25,0.97,0.26494122406371323
128,1,12,0.25,0.97,0.2656914759947011
128,2,1,0.25,0.97,0.30027024459731877
128,2,2,0.25,0.97,0.30366279660639167
128,2,3,0.25,0.97,0.3019219934029678
128,2,4,0.25,0.97,0.30046312436793265
128,2,5,0.25,0.97,0.30067125372797515
128,2,6,0.25,0.97,0.30149592808101344
128,2,7,0.25,0.97,0.3012948311071453
128,2,8,0.25,0.97,0.30017628767899335
128,2,9,0.25,0.97,0.30049959114264646
128,2,10,0.25,0.97,0.29998240248048874
128,2,11,0.25,0.97,0.2995029081174938
128,2,12,0.25,0.97,0.2993215295180873
128,3,1,0.25,0.97,0.3435473235690447
128,3,2,0.25,0.97,0.34178455011187353
128,3,3,0.25,0.97,0.3392743701969643
128,3,4,0.25,0.97,0.3391116369948023
128,3,5,0.25,0.97,0.33996251750821316
128,3,6,0.25,0.97,0.3389990080397828
128,3,7,0.25,0.97,0.3397354421287425
128,3,8,0.25,0.97,0.3389907800960846
128,3,9,0.25,0.97,0.338276219792811
128,3,10,0.25,0.97,0.33817445920752937
128,3,11,0.25,0.97,0.3372666274713206
128,3,12,0.25,0.97,0.33756409822508987
128,1,1,0.1,0.97,0.3300339336294541
128,1,2,0.1,0.97,0.3279997538133913
128,1,3,0.1,0.97,0.3272959022968947
128,1,4,0.1,0.97,0.3280873845264321
128,1,5,0.1,0.97,0.3299404311479218
128,1,6,0.1,0.97,0.32867093729109387
128,1,7,0.1,0.97,0.3294474072225933
128,1,8,0.1,0.97,0.32954040573784055
128,1,9,0.1,0.97,0.3299349329334198
128,1,10,0.1,0.97,0.32978252544235637
128,1,11,0.1,0.97,0.33088253615016855
128,1,12,0.1,0.97,0.33077468406551735
128,2,1,0.1,0.41625,0.4082775500847244
128,2,2,0.1,0.41625,0.40934273266127696
128,2,3,0.1,0.41625,0.408697527556787
128,2,4,0.1,0.41625,0.40967688884235076
128,2,5,0.1,0.41625,0.4096982510529987
128,2,6,0.1,0.41625,0.4094228987469309
128,2,7,0.1,0.41625,0.40962797389307926
128,2,8,0.1,0.41625,0.4093440779475441
128,2,9,0.1,0.41625,0.40887487609022083
128,2,10,0.1,0.41625,0.40879693550379187
128,2,11,0.1,0.41625,0.4088413002889454
128,2,12,0.1,0.41625,0.40872303984341873
128,3,1,0.1,0.93375,0.16548402382503
128,3,2,0.1,0.93375,0.16340084042381606
128,3,3,0.1,0.93375,0.16441327325030092
128,3,4,0.1,0.93375,0.16418393851230934
128,3,5,0.1,0.93375,0.1628432278561189
128,3,6,0.1,0.93375,0.1625317542466742
128,3,7,0.1,0.93375,0.16358647868622866
128,3,8,0.1,0.93375,0.16381375411314295
128,3,9,0.1,0.93375,0.1641482191489832
128,3,10,0.1,0.93375,0.16409350332863185
128,3,11,0.1,0.93375,0.16431713824146382
128,3,12,0.1,0.93375,0.1638512633777883
128,1,1,0.05,0.935,0.3229559679536054
128,1,2,0.05,0.48875,0.33464935580393496
128,1,3,0.05,0.48875,0.33293154389586505
128,1,4,0.05,0.48875,0.334734169421256
128,1,5,0.05,0.935,0.33314310417820925
128,1,6,0.05,0.935,0.33267654783709155
128,1,7,0.05,0.935,0.3326859120536373
128,1,8,0.05,0.48875,0.33566944746210153
128,1,9,0.05,0.48875,0.3354449025449799
128,1,10,0.05,0.48875,0.3351340665144562
128,1,11,0.05,0.935,0.335159347300092
128,1,12,0.05,0.48875,0.33562024633712717
128,2,1,0.05,0.89875,0.30447498375933857
128,2,2,0.05,0.89875,0.30933506160451246
128,2,3,0.05,0.89875,0.309960023636253
128,2,4,0.05,0.89875,0.3104835230389985
128,2,5,0.05,0.89875,0.31010466122165153
128,2,6,0.05,0.89875,0.31000057755714233
128,2,7,0.05,0.89875,0.3105899483936785
128,2,8,0.05,0.89875,0.3118690673751432
128,2,9,0.05,0.89875,0.3103093482527901
128,2,10,0.05,0.89875,0.31018999716603896
128,2,11,0.05,0.89875,0.3105589943652738
128,2,12,0.05,0.89875,0.3108115944558478
128,3,1,0.05,0.885,0.05850197732712061
128,3,2,0.05,0.885,0.05738822424431853
128,3,3,0.05,0.885,0.05757899214686914
128,3,4,0.05,0.885,0.05652853053548571
128,3,5,0.05,0.885,0.056250925961804414
128,3,6,0.05,0.885,0.05586993710216261
128,3,7,0.05,0.885,0.05578046863000042
128,3,8,0.05,0.415,0.05449693383496404
128,3,9,0.05,0.415,0.053803502776070884
128,3,10,0.05,0.415,0.05369675658578746
128,3,11,0.05,0.415,0.05385876668515685
128,3,12,0.05,0.415,0.05475252649463462
256,1,1,1.0,0.96625,0.4949333072029226
256,1,2,1.0,0.96625,0.4965191323764751
256,1,3,1.0,0.96625,0.4970577137375997
256,1,4,1.0,0.96625,0.49732889216624443
256,1,5,1.0,0.96625,0.4974922056973589
256,1,6,1.0,0.96625,0.4976012931951604
256,1,7,1.0,0.96625,0.4976793764103638
256,1,8,1.0,0.96625,0.49773790171939825
256,1,9,1.0,0.96625,0.497783560483757
256,1,10,1.0,0.96625,0.49782015373039734
256,1,11,1.0,0.96625,0.49785000444880095
256,1,12,1.0,0.96625,0.49787500065401064
256,2,1,1.0,0.96625,0.4949268745831283
256,2,2,1.0,0.96625,0.4950939119514379
256,2,3,1.0,0.96625,0.4951380352718378
256,2,4,1.0,0.96625,0.4951577277552438
256,2,5,1.0,0.96625,0.49516871679270275
256,2,6,1.0,0.96625,0.4951756881248997
256,2,7,1.0,0.96625,0.4951805188586269
256,2,8,1.0,0.96625,0.49518397068195463
256,2,9,1.0,0.96625,0.4951866841985986
256,2,10,1.0,0.96625,0.4951888489325772
256,2,11,1.0,0.96625,0.4951904536739937
256,2,12,1.0,0.96625,0.49519198597458663
256,3,1,1.0,0.96625,0.49511928182690246
256,3,2,1.0,0.96625,0.49679412267403833
256,3,3,1.0,0.96625,0.4973675019566121
256,3,4,1.0,0.96625,0.4976572516155357
256,3,5,1.0,0.96625,0.4978320098838912
256,3,6,1.0,0.96625,0.497948897645424
256,3,7,1.0,0.96625,0.4980326536199541
256,3,8,1.0,0.96625,0.4980955234098763
256,3,9,1.0,0.96625,0.4981445047221754
256,3,10,1.0,0.96625,0.49818382575786535
256,3,11,1.0,0.96625,0.498215836038785
256,3,12,1.0,0.96625,0.4982426623664522
256,1,1,0.5,0.96625,0.4479390389180773
256,1,2,0.5,0.96625,0.44823238207806243
256,1,3,0.5,0.96625,0.4490262214581096
256,1,4,0.5,0.96625,0.45005379794540096
256,1,5,0.5,0.96625,0.4501646186090797
256,1,6,0.5,0.96625,0.4501795142239283
256,1,7,0.5,0.96625,0.4500068184698381
256,1,8,0.5,0.96625,0.45023322932346865
256,1,9,0.5,0.96625,0.45046186734561616
256,1,10,0.5,0.96625,0.45021282360750836
256,1,11,0.5,0.96625,0.4502709748723619
256,1,12,0.5,0.96625,0.45042697135693344
256,2,1,0.5,0.96625,0.3625343288890763
256,2,2,0.5,0.96625,0.3649699667677326
256,2,3,0.5,0.96625,0.36751826496355944
256,2,4,0.5,0.96625,0.3670363591934749
256,2,5,0.5,0.96625,0.36870380238566575
256,2,6,0.5,0.96625,0.36812430938671853
256,2,7,0.5,0.96625,0.36773835380201225
256,2,8,0.5,0.96625,0.36740732582015584
256,2,9,0.5,0.96625,0.36683011932705073
256,2,10,0.5,0.96625,0.3667449603014258
256,2,11,0.5,0.96625,0.36734402344728795
256,2,12,0.5,0.96625,0.3675729025891602
256,3,1,0.5,0.96625,0.43401618687969845
256,3,2,0.5,0.96625,0.4370197959228743
256,3,3,0.5,0.96625,0.4355136128781599
256,3,4,0.5,0.96625,0.4360646156574377
256,3,5,0.5,0.96625,0.43562989334475327
256,3,6,0.5,0.96625,0.3809610470595733
256,3,7,0.5,0.96625,0.3818223983206475
256,3,8,0.5,0.96625,0.3818241771868
256,3,9,0.5,0.96625,0.3818591499621634
256,3,10,0.5,0.96625,0.38223184704925955
256,3,11,0.5,0.96625,0.38244929327535665
256,3,12,0.5,0.96625,0.38222211467863654
256,1,1,0.25,0.92875,0.2568628430635338
256,1,2,0.25,0.92875,0.25711358040728693
256,1,3,0.25,0.92875,0.2583512368603255
256,1,4,0.25,0.92875,0.2581263508159852
256,1,5,0.25,0.92875,0.25780267988221467
256,1,6,0.25,0.92875,0.25790672763328265
256,1,7,0.25,0.92875,0.2568685531111138
256,1,8,0.25,0.92875,0.25695579935232876
256,1,9,0.25,0.92875,0.2571711643918346
256,1,10,0.25,0.92875,0.25752357814987126
256,1,11,0.25,0.92875,0.25785272682783145
256,1,12,0.25,0.96625,0.23068011725945994
256,2,1,0.25,0.4625,0.03729024965515059
256,2,2,0.25,0.4625,0.0364004631118061
256,2,3,0.25,0.4625,0.034841179006436455
256,2,4,0.25,0.4625,0.03491888094897974
256,2,5,0.25,0.92875,0.035667112194192684
256,2,6,0.25,0.4625,0.03521111946492888
256,2,7,0.25,0.4625,0.03543372185509284
256,2,8,0.25,0.92875,0.03583509632033966
256,2,9,0.25,0.4625,0.03547068592581757
256,2,10,0.25,0.4625,0.03491291879002664
256,2,11,0.25,0.4625,0.034666652285880846
256,2,12,0.25,0.4625,0.03474320222234098
256,3,1,0.25,0.96625,0.4202458678929233
256,3,2,0.25,0.96625,0.42450696858357184
256,3,3,0.25,0.96625,0.42531708446093286
256,3,4,0.25,0.96625,0.42498656235102084
256,3,5,0.25,0.96625,0.4257223157927641
256,3,6,0.25,0.96625,0.42540867796110193
256,3,7,0.25,0.96625,0.4256612129730524
256,3,8,0.25,0.96625,0.42565478727215456
256,3,9,0.25,0.96625,0.4255988683773691
256,3,10,0.25,0.96625,0.42593978100084806
256,3,11,0.25,0.96625,0.42603476351823666
256,3,12,0.25,0.96625,0.4259545618227967
256,1,1,0.1,0.93,0.06789551960356903
256,1,2,0.1,0.93,0.06825937360214769
256,1,3,0.1,0.93,0.06886041083785421
256,1,4,0.1,0.93,0.06556102172667201
256,1,5,0.1,0.93,0.0655389166250359
256,1,6,0.1,0.46375,0.06484478236914779
256,1,7,0.1,0.46375,0.06473795312130433
256,1,8,0.1,0.46375,0.06513771199478803
256,1,9,0.1,0.93,0.06597212275669662
256,1,10,0.1,0.93,0.06571631962268955
256,1,11,0.1,0.93,0.06566802536203986
256,1,12,0.1,0.46375,0.06517296282332598
256,2,1,0.1,0.495,0.2957694081463813
256,2,2,0.1,0.495,0.29134752629479066
256,2,3,0.1,0.93125,0.2870413359011376
256,2,4,0.1,0.93125,0.28575208705937843
256,2,5,0.1,0.93125,0.2845710701684084
256,2,6,0.1,0.93125,0.28756629547447693
256,2,7,0.1,0.93125,0.289331233250586
256,2,8,0.1,0.93125,0.28997196185703744
256,2,9,0.1,0.93125,0.29026985218337226
256,2,10,0.1,0.93125,0.2905888230301266
256,2,11,0.1,0.93125,0.2897762337213653
256,2,12,0.1,0.93125,0.2905829920818166
256,3,1,0.1,0.96625,0.33078634308989185
256,3,2,0.1,0.96625,0.3310720508926691
256,3,3,0.1,0.96625,0.33455127848879535
256,3,4,0.1,0.96625,0.3348091991261657
256,3,5,0.1,0.96625,0.33266012162712855
256,3,6,0.1,0.96625,0.3341839543224749
256,3,7,0.1,0.96625,0.3350456109747981
256,3,8,0.1,0.96625,0.3342012664422123
256,3,9,0.1,0.96625,0.3342099857409738
256,3,10,0.1,0.96625,0.33479326690299926
256,3,11,0.1,0.96625,0.33427537964414283
256,3,12,0.1,0.96625,0.3342684906376859
256,1,1,0.05,0.4625,0.06735927734746185
256,1,2,0.05,0.4625,0.06739175448402182
256,1,3,0.05,0.4625,0.07267367126636545
256,1,4,0.05,0.4625,0.07204136564657011
256,1,5,0.05,0.4625,0.07341076044700291
256,1,6,0.05,0.92875,0.07563566728755611
256,1,7,0.05,0.92875,0.07586824283702859
256,1,8,0.05,0.92875,0.07528309580535279
256,1,9,0.05,0.92875,0.07408553077443555
256,1,10,0.05,0.92875,0.07618598247679556
256,1,11,0.05,0.92875,0.0759443069649387
256,1,12,0.05,0.92875,0.0735957370072621
256,2,1,0.05,0.43375,0.11475187339990021
256,2,2,0.05,0.43375,0.1321183470435539
256,2,3,0.05,0.43375,0.13453529812371376
256,2,4,0.05,0.43375,0.13982921025777562
256,2,5,0.05,0.43375,0.139660003619081
256,2,6,0.05,0.43375,0.13535019035325635
256,2,7,0.05,0.43375,0.13256897011389573
256,2,8,0.05,0.43375,0.1319675651558661
256,2,9,0.05,0.43375,0.1332552440001373
256,2,10,0.05,0.43375,0.13513571746773448
256,2,11,0.05,0.43375,0.1349925563414308
256,2,12,0.05,0.43375,0.13448898679044388
256,3,1,0.05,0.465,0.3635604901653548
256,3,2,0.05,0.465,0.3664953070531832
256,3,3,0.05,0.465,0.36470533031581026
256,3,4,0.05,0.465,0.36330921740133304
256,3,5,0.05,0.465,0.3617470849676793
256,3,6,0.05,0.465,0.36126590612919157
256,3,7,0.05,0.465,0.36135309556578316
256,3,8,0.05,0.465,0.36196305290224523
256,3,9,0.05,0.465,0.36176650106267894
256,3,10,0.05,0.465,0.3613525293554811
256,3,11,0.05,0.465,0.36130613429452596
256,3,12,0.05,0.465,0.3611883772848761
